ACCP;MEMSEC_START_SEC_VAR_UNSPECIFIED_CPU1
ACCPLRNPOS;MEMSEC_START_SEC_VAR_UNSPECIFIED_CPU1
ACCPMNGMODSECU;MEMSEC_START_SEC_VAR_UNSPECIFIED_CPU1
ACCPCALCRPOS;MEMSEC_START_SEC_VAR_UNSPECIFIED_CPU1
ACCPSWTACQDIAG;MEMSEC_START_SEC_VAR_UNSPECIFIED_CPU1
ACCPFRM;MEMSEC_START_SEC_VAR_UNSPECIFIED_CPU1
ACCPSTUCKDIAG;MEMSEC_START_SEC_VAR_UNSPECIFIED_CPU1
ACCPEM;MEMSEC_START_SEC_VAR_UNSPECIFIED_CPU1
ACCPACQPOS;MEMSEC_START_SEC_VAR_UNSPECIFIED_CPU1
ACPRESACQ;MEMSEC_START_SEC_VAR_UNSPECIFIED_CPU1
ACQCOT;MEMSEC_START_SEC_VAR_UNSPECIFIED_CPU1
AIRPRES_B_5_3;MEMSEC_START_SEC_VAR_UNSPECIFIED_CPU1
AIREXTPRESACQ;MEMSEC_START_SEC_VAR_UNSPECIFIED_CPU1
INMNFPRESACQ;MEMSEC_START_SEC_VAR_UNSPECIFIED_CPU1
BRKASIACQ;MEMSEC_START_SEC_VAR_UNSPECIFIED_CPU1
INMNFPRESDIAG;MEMSEC_START_SEC_VAR_UNSPECIFIED_CPU1
DIAGAIREXTPRES;MEMSEC_START_SEC_VAR_UNSPECIFIED_CPU1
BRKASIFONCDIAG;MEMSEC_START_SEC_VAR_UNSPECIFIED_CPU1
RELBRKASIACQ;MEMSEC_START_SEC_VAR_UNSPECIFIED_CPU1
AIRSYS;MEMSEC_START_SEC_VAR_UNSPECIFIED_CPU1
OFSVLV;MEMSEC_START_SEC_VAR_UNSPECIFIED_CPU1
INTERFACAGE_BA_SC;MEMSEC_START_SEC_VAR_UNSPECIFIED_CPU1
VLVEXSPMGT;MEMSEC_START_SEC_VAR_UNSPECIFIED_CPU1
VVTSPLIMCORD;MEMSEC_START_SEC_VAR_UNSPECIFIED_CPU1
AIRTQEFF;MEMSEC_START_SEC_VAR_UNSPECIFIED_CPU1
ALDALTCOR;MEMSEC_START_SEC_VAR_UNSPECIFIED_CPU1
VLVINSPMGT;MEMSEC_START_SEC_VAR_UNSPECIFIED_CPU1
STTRALD;MEMSEC_START_SEC_VAR_UNSPECIFIED_CPU1
IFAIRSYS;MEMSEC_START_SEC_VAR_UNSPECIFIED_CPU1
INAIRFLOWDIAG;MEMSEC_START_SEC_VAR_UNSPECIFIED_CPU1
AIRT;MEMSEC_START_SEC_VAR_UNSPECIFIED_CPU1
ACQAIRT;MEMSEC_START_SEC_VAR_UNSPECIFIED_CPU1
AIRTFONCDIAG;MEMSEC_START_SEC_VAR_UNSPECIFIED_CPU1
ARCHIBRK;MEMSEC_START_SEC_VAR_UNSPECIFIED_CPU1
DIAGBRKPED;MEMSEC_START_SEC_VAR_UNSPECIFIED_CPU1
MNGBRKPED;MEMSEC_START_SEC_VAR_UNSPECIFIED_CPU1
DIAGBRKPEDNOBVH2P;MEMSEC_START_SEC_VAR_UNSPECIFIED_CPU1
BRKPEDBVH2P;MEMSEC_START_SEC_VAR_UNSPECIFIED_CPU1
ARCHI_CAN_MIVIE;MEMSEC_START_SEC_VAR_UNSPECIFIED_CPU1
MUXDIAGON;MEMSEC_START_SEC_VAR_UNSPECIFIED_CPU1
DFTLIMSGMGT;MEMSEC_START_SEC_VAR_UNSPECIFIED_CPU1
COHCAN;MEMSEC_START_SEC_VAR_UNSPECIFIED_CPU1
ARCHI_SENO2DS;MEMSEC_START_SEC_VAR_UNSPECIFIED_CPU1
DSO2SEN;MEMSEC_START_SEC_VAR_UNSPECIFIED_CPU1
HEATSENO2DSDERIDIAG;MEMSEC_START_SEC_VAR_UNSPECIFIED_CPU1
HEATSENO2DSFONCDIAG;MEMSEC_START_SEC_VAR_UNSPECIFIED_CPU1
ARCHI_SENO2US;MEMSEC_START_SEC_VAR_UNSPECIFIED_CPU1
UPLSACQ;MEMSEC_START_SEC_VAR_UNSPECIFIED_CPU1
HEATSENO2UPPERDDIAG;MEMSEC_START_SEC_VAR_UNSPECIFIED_CPU1
HEATSENO2UPFONCDIAG;MEMSEC_START_SEC_VAR_UNSPECIFIED_CPU1
SENO2DLYGENR;MEMSEC_START_SEC_VAR_UNSPECIFIED_CPU1
ARCHSTT;MEMSEC_START_SEC_VAR_UNSPECIFIED_CPU1
ENGREQH;MEMSEC_START_SEC_VAR_UNSPECIFIED_CPU1
COES;MEMSEC_START_SEC_VAR_UNSPECIFIED_CPU1
COPTST;MEMSEC_START_SEC_VAR_UNSPECIFIED_CPU1
SPYSTT;MEMSEC_START_SEC_VAR_UNSPECIFIED_CPU1
STTMO2CLC;MEMSEC_START_SEC_VAR_UNSPECIFIED_CPU1
KEYPUSHINFO;MEMSEC_START_SEC_VAR_UNSPECIFIED_CPU1
STTIF;MEMSEC_START_SEC_VAR_UNSPECIFIED_CPU1
SPYEMSTT;MEMSEC_START_SEC_VAR_UNSPECIFIED_CPU1
ARCHVOLT;MEMSEC_START_SEC_VAR_UNSPECIFIED_CPU1
IFELECMOTESS;MEMSEC_START_SEC_VAR_UNSPECIFIED_CPU1
BATTVOLTREQ;MEMSEC_START_SEC_VAR_UNSPECIFIED_CPU1
INJVOLTADJ;MEMSEC_START_SEC_VAR_UNSPECIFIED_CPU1
IGVOLTADJ;MEMSEC_START_SEC_VAR_UNSPECIFIED_CPU1
BATTVOLTACQ;MEMSEC_START_SEC_VAR_UNSPECIFIED_CPU1
CAA;MEMSEC_START_SEC_VAR_UNSPECIFIED_CPU1
IGEXTHERMOPROT;MEMSEC_START_SEC_VAR_UNSPECIFIED_CPU1
IGCRK;MEMSEC_START_SEC_VAR_UNSPECIFIED_CPU1
IGCOILACTEST;MEMSEC_START_SEC_VAR_UNSPECIFIED_CPU1
IGARB;MEMSEC_START_SEC_VAR_UNSPECIFIED_CPU1
CHAADVMINUNLIM;MEMSEC_START_SEC_VAR_UNSPECIFIED_CPU1
IFADV;MEMSEC_START_SEC_VAR_UNSPECIFIED_CPU1
KNKCRITZONE;MEMSEC_START_SEC_VAR_UNSPECIFIED_CPU1
KNKSHDCOR;MEMSEC_START_SEC_VAR_UNSPECIFIED_CPU1
KNKFASTCOR;MEMSEC_START_SEC_VAR_UNSPECIFIED_CPU1
KNKADPCOR;MEMSEC_START_SEC_VAR_UNSPECIFIED_CPU1
KNKINHADP;MEMSEC_START_SEC_VAR_UNSPECIFIED_CPU1
ADDONADVMAX;MEMSEC_START_SEC_VAR_UNSPECIFIED_CPU1
ADDONADVMIN;MEMSEC_START_SEC_VAR_UNSPECIFIED_CPU1
ADDONAGCOR;MEMSEC_START_SEC_VAR_UNSPECIFIED_CPU1
ADDONADVOPTM;MEMSEC_START_SEC_VAR_UNSPECIFIED_CPU1
TCOREGKNK;MEMSEC_START_SEC_VAR_UNSPECIFIED_CPU1
CANSECUCHKDATA;MEMSEC_START_SEC_VAR_UNSPECIFIED_CPU1
CATMDLSYS;MEMSEC_START_SEC_VAR_UNSPECIFIED_CPU1
CATAGIESTIM;MEMSEC_START_SEC_VAR_UNSPECIFIED_CPU1
IFCATMDLSYS;MEMSEC_START_SEC_VAR_UNSPECIFIED_CPU1
TWCMGT;MEMSEC_START_SEC_VAR_UNSPECIFIED_CPU1
CATMON;MEMSEC_START_SEC_VAR_UNSPECIFIED_CPU1
CATMONIF;MEMSEC_START_SEC_VAR_UNSPECIFIED_CPU1
CLU;MEMSEC_START_SEC_VAR_UNSPECIFIED_CPU1
CLUPEDPOSNDIAG;MEMSEC_START_SEC_VAR_UNSPECIFIED_CPU1
CLUPEDFREQACQ;MEMSEC_START_SEC_VAR_UNSPECIFIED_CPU1
CLUSWTDIAG;MEMSEC_START_SEC_VAR_UNSPECIFIED_CPU1
ACQCLUPED;MEMSEC_START_SEC_VAR_UNSPECIFIED_CPU1
CANTXMIXMOD;MEMSEC_START_SEC_VAR_UNSPECIFIED_CPU1
COFAN;MEMSEC_START_SEC_VAR_UNSPECIFIED_CPU1
COFANACTEST;MEMSEC_START_SEC_VAR_UNSPECIFIED_CPU1
COFANCMDDIAG;MEMSEC_START_SEC_VAR_UNSPECIFIED_CPU1
ECTREQ;MEMSEC_START_SEC_VAR_UNSPECIFIED_CPU1
ACTRTSTECT;MEMSEC_START_SEC_VAR_UNSPECIFIED_CPU1
COM_MIVIE;MEMSEC_START_SEC_VAR_UNSPECIFIED_CPU1
ISFHCAN;MEMSEC_START_SEC_VAR_UNSPECIFIED_CPU1
STACK_COM_CONFIG;MEMSEC_START_SEC_VAR_UNSPECIFIED_CPU1
STACK_COM_STUB;MEMSEC_START_SEC_VAR_UNSPECIFIED_CPU1
CONFIGLIN;MEMSEC_START_SEC_VAR_UNSPECIFIED_CPU1
COMSTMNG;MEMSEC_START_SEC_VAR_UNSPECIFIED_CPU1
COTDIAG;MEMSEC_START_SEC_VAR_UNSPECIFIED_CPU1
CRC;MEMSEC_START_SEC_VAR_UNSPECIFIED_CPU1
CRSCTL;MEMSEC_START_SEC_VAR_UNSPECIFIED_CPU1
CRSCTLOUTTREAT;MEMSEC_START_SEC_VAR_UNSPECIFIED_CPU1
CRSCTLBSITREAT;MEMSEC_START_SEC_VAR_UNSPECIFIED_CPU1
CRSCTLINTREATIF;MEMSEC_START_SEC_VAR_UNSPECIFIED_CPU1
VSC;MEMSEC_START_SEC_VAR_UNSPECIFIED_CPU1
CSTR;MEMSEC_START_SEC_VAR_UNSPECIFIED_CPU1
CSTRACTEST;MEMSEC_START_SEC_VAR_UNSPECIFIED_CPU1
CSTRFUCONCESTIM;MEMSEC_START_SEC_VAR_UNSPECIFIED_CPU1
CSTRDYNLIM;MEMSEC_START_SEC_VAR_UNSPECIFIED_CPU1
CSTREFCRED;MEMSEC_START_SEC_VAR_UNSPECIFIED_CPU1
CSTRMGR;MEMSEC_START_SEC_VAR_UNSPECIFIED_CPU1
CSTRCMD;MEMSEC_START_SEC_VAR_UNSPECIFIED_CPU1
CTRLCFG;MEMSEC_START_SEC_VAR_UNSPECIFIED_CPU1
DGOTEST;MEMSEC_START_SEC_VAR_UNSPECIFIED_CPU1
ECUST_MIVIE;MEMSEC_START_SEC_VAR_UNSPECIFIED_CPU1
ACQWKUSIG;MEMSEC_START_SEC_VAR_UNSPECIFIED_CPU1
WKU;MEMSEC_START_SEC_VAR_UNSPECIFIED_CPU1
ECUMNG;MEMSEC_START_SEC_VAR_UNSPECIFIED_CPU1
DIAGMEMECU;MEMSEC_START_SEC_VAR_UNSPECIFIED_CPU1
EEPMNG;MEMSEC_START_SEC_VAR_UNSPECIFIED_CPU1
ELECITGRMOD;MEMSEC_START_SEC_VAR_UNSPECIFIED_CPU1
ENGST;MEMSEC_START_SEC_VAR_UNSPECIFIED_CPU1
MONENGSTRT;MEMSEC_START_SEC_VAR_UNSPECIFIED_CPU1
ENGSTAB;MEMSEC_START_SEC_VAR_UNSPECIFIED_CPU1
ENGSTRTSTOP;MEMSEC_START_SEC_VAR_UNSPECIFIED_CPU1
STRTRCMDDIAG;MEMSEC_START_SEC_VAR_UNSPECIFIED_CPU1
VEHST;MEMSEC_START_SEC_VAR_UNSPECIFIED_CPU1
ENGRUNST;MEMSEC_START_SEC_VAR_UNSPECIFIED_CPU1
ENGSTOUTPIDC;MEMSEC_START_SEC_VAR_UNSPECIFIED_CPU1
AUTHSTRTSTT;MEMSEC_START_SEC_VAR_UNSPECIFIED_CPU1
BICD;MEMSEC_START_SEC_VAR_UNSPECIFIED_CPU1
AIRTHRARCRKSP;MEMSEC_START_SEC_VAR_UNSPECIFIED_CPU1
AIRTQSTRUCTMNGT;MEMSEC_START_SEC_VAR_UNSPECIFIED_CPU1
OSCDET;MEMSEC_START_SEC_VAR_UNSPECIFIED_CPU1
FAR;MEMSEC_START_SEC_VAR_UNSPECIFIED_CPU1
FAR_FARSPMGRONOFF;MEMSEC_START_SEC_VAR_UNSPECIFIED_CPU1
IFFAR;MEMSEC_START_SEC_VAR_UNSPECIFIED_CPU1
ACTRTSTFARSP;MEMSEC_START_SEC_VAR_UNSPECIFIED_CPU1
FISASYS;MEMSEC_START_SEC_VAR_UNSPECIFIED_CPU1
FISAINHMGR;MEMSEC_START_SEC_VAR_UNSPECIFIED_CPU1
FISARFUDET;MEMSEC_START_SEC_VAR_UNSPECIFIED_CPU1
CLCNFISAGAIN;MEMSEC_START_SEC_VAR_UNSPECIFIED_CPU1
FLOWMNG;MEMSEC_START_SEC_VAR_UNSPECIFIED_CPU1
FRM;MEMSEC_START_SEC_VAR_UNSPECIFIED_CPU1
FULVL;MEMSEC_START_SEC_VAR_UNSPECIFIED_CPU1
FUCNS;MEMSEC_START_SEC_VAR_UNSPECIFIED_CPU1
FUPMP_MIVIE;MEMSEC_START_SEC_VAR_UNSPECIFIED_CPU1
FUPMPMNG;MEMSEC_START_SEC_VAR_UNSPECIFIED_CPU1
FTPCTL;MEMSEC_START_SEC_VAR_UNSPECIFIED_CPU1
PROPFUPMP;MEMSEC_START_SEC_VAR_UNSPECIFIED_CPU1
ACTTSTFUPMP;MEMSEC_START_SEC_VAR_UNSPECIFIED_CPU1
FUSYS;MEMSEC_START_SEC_VAR_UNSPECIFIED_CPU1
MFUSPCRK;MEMSEC_START_SEC_VAR_UNSPECIFIED_CPU1
INJSYSSPCRK;MEMSEC_START_SEC_VAR_UNSPECIFIED_CPU1
IFEOMINJSP;MEMSEC_START_SEC_VAR_UNSPECIFIED_CPU1
AGINJSP;MEMSEC_START_SEC_VAR_UNSPECIFIED_CPU1
INJASTWUPCMP;MEMSEC_START_SEC_VAR_UNSPECIFIED_CPU1
INJRESUCMP;MEMSEC_START_SEC_VAR_UNSPECIFIED_CPU1
MFUSP;MEMSEC_START_SEC_VAR_UNSPECIFIED_CPU1
INJSPMGT;MEMSEC_START_SEC_VAR_UNSPECIFIED_CPU1
STTYPELCMDINJR;MEMSEC_START_SEC_VAR_UNSPECIFIED_CPU1
MFUINJ;MEMSEC_START_SEC_VAR_UNSPECIFIED_CPU1
INJCUTOFFMGR;MEMSEC_START_SEC_VAR_UNSPECIFIED_CPU1
GDGAR;MEMSEC_START_SEC_VAR_UNSPECIFIED_CPU1
GD;MEMSEC_START_SEC_VAR_UNSPECIFIED_CPU1
GDEXTINT;MEMSEC_START_SEC_VAR_UNSPECIFIED_CPU1
GDU;MEMSEC_START_SEC_VAR_UNSPECIFIED_CPU1
WUC;MEMSEC_START_SEC_VAR_UNSPECIFIED_CPU1
DC;MEMSEC_START_SEC_VAR_UNSPECIFIED_CPU1
GOBD;MEMSEC_START_SEC_VAR_UNSPECIFIED_CPU1
GMIL;MEMSEC_START_SEC_VAR_UNSPECIFIED_CPU1
RC01;MEMSEC_START_SEC_VAR_UNSPECIFIED_CPU1
INDICOBD;MEMSEC_START_SEC_VAR_UNSPECIFIED_CPU1
IUPRFRZ;MEMSEC_START_SEC_VAR_UNSPECIFIED_CPU1
IUPRGENDEN;MEMSEC_START_SEC_VAR_UNSPECIFIED_CPU1
IUPRSPCDEN;MEMSEC_START_SEC_VAR_UNSPECIFIED_CPU1
IUPRRATIO;MEMSEC_START_SEC_VAR_UNSPECIFIED_CPU1
MEM;MEMSEC_START_SEC_VAR_UNSPECIFIED_CPU1
JDD;MEMSEC_START_SEC_VAR_UNSPECIFIED_CPU1
JDDISCANIF;MEMSEC_START_SEC_VAR_UNSPECIFIED_CPU1
STATUSOFDTC;MEMSEC_START_SEC_VAR_UNSPECIFIED_CPU1
DIAGTAB;MEMSEC_START_SEC_VAR_UNSPECIFIED_CPU1
GEAR;MEMSEC_START_SEC_VAR_UNSPECIFIED_CPU1
RVSSTDIAG;MEMSEC_START_SEC_VAR_UNSPECIFIED_CPU1
NEUTPOSNACQ;MEMSEC_START_SEC_VAR_UNSPECIFIED_CPU1
STRTLOCKACQ;MEMSEC_START_SEC_VAR_UNSPECIFIED_CPU1
HEATSENO2_MIVIE;MEMSEC_START_SEC_VAR_UNSPECIFIED_CPU1
HEATSENO2DS;MEMSEC_START_SEC_VAR_UNSPECIFIED_CPU1
HEATSENO2US;MEMSEC_START_SEC_VAR_UNSPECIFIED_CPU1
DRVRSENO2DS;MEMSEC_START_SEC_VAR_UNSPECIFIED_CPU1
DRVRSENO2US;MEMSEC_START_SEC_VAR_UNSPECIFIED_CPU1
HOTSENO2FLG;MEMSEC_START_SEC_VAR_UNSPECIFIED_CPU1
SENO2USACTEST;MEMSEC_START_SEC_VAR_UNSPECIFIED_CPU1
SENO2DSACTEST;MEMSEC_START_SEC_VAR_UNSPECIFIED_CPU1
HEATSENO2USCMD;MEMSEC_START_SEC_VAR_UNSPECIFIED_CPU1
HEATSENO2DSCMD;MEMSEC_START_SEC_VAR_UNSPECIFIED_CPU1
HEATSENO2HOTDIAG;MEMSEC_START_SEC_VAR_UNSPECIFIED_CPU1
REQADJVLTCTL;MEMSEC_START_SEC_VAR_UNSPECIFIED_CPU1
HRDRCVMNG;MEMSEC_START_SEC_VAR_UNSPECIFIED_CPU1
IFAIRSYSIGSYS;MEMSEC_START_SEC_VAR_UNSPECIFIED_CPU1
IFMPIINJSYS;MEMSEC_START_SEC_VAR_UNSPECIFIED_CPU1
IFMPIINJSYSSPLIT;MEMSEC_START_SEC_VAR_UNSPECIFIED_CPU1
IFUEGOACQ;MEMSEC_START_SEC_VAR_UNSPECIFIED_CPU1
UEGOACQ;MEMSEC_START_SEC_VAR_UNSPECIFIED_CPU1
IGCOILDIAG;MEMSEC_START_SEC_VAR_UNSPECIFIED_CPU1
INJCTLSYS;MEMSEC_START_SEC_VAR_UNSPECIFIED_CPU1
LAMCLMPD;MEMSEC_START_SEC_VAR_UNSPECIFIED_CPU1
INJCTL_INJFARCTLMGR;MEMSEC_START_SEC_VAR_UNSPECIFIED_CPU1
INJFARCTLUSCTL;MEMSEC_START_SEC_VAR_UNSPECIFIED_CPU1
INJFARCTLDSCTL;MEMSEC_START_SEC_VAR_UNSPECIFIED_CPU1
INJTICOR;MEMSEC_START_SEC_VAR_UNSPECIFIED_CPU1
FARSTRAMON;MEMSEC_START_SEC_VAR_UNSPECIFIED_CPU1
INJCMDDIAG;MEMSEC_START_SEC_VAR_UNSPECIFIED_CPU1
INJCRK_ANTIFLOOD;MEMSEC_START_SEC_VAR_UNSPECIFIED_CPU1
ISLIN;MEMSEC_START_SEC_VAR_UNSPECIFIED_CPU1
KNKRBLTREATSYS_MIVIE;MEMSEC_START_SEC_VAR_UNSPECIFIED_CPU1
KNKINSTNOISE;MEMSEC_START_SEC_VAR_UNSPECIFIED_CPU1
KNKNOISEADP;MEMSEC_START_SEC_VAR_UNSPECIFIED_CPU1
KNKSHDDET;MEMSEC_START_SEC_VAR_UNSPECIFIED_CPU1
KNKDET;MEMSEC_START_SEC_VAR_UNSPECIFIED_CPU1
KNKDIAG;MEMSEC_START_SEC_VAR_UNSPECIFIED_CPU1
KNKACQ;MEMSEC_START_SEC_VAR_UNSPECIFIED_CPU1
KNKBENCHMOD;MEMSEC_START_SEC_VAR_UNSPECIFIED_CPU1
KNKLDLIM;MEMSEC_START_SEC_VAR_UNSPECIFIED_CPU1
KNKACQFILT;MEMSEC_START_SEC_VAR_UNSPECIFIED_CPU1
LIBSFTYLVL2;MEMSEC_START_SEC_VAR_UNSPECIFIED_CPU1
MEMCONF;MEMSEC_START_SEC_VAR_UNSPECIFIED_CPU1
NVRAM;MEMSEC_START_SEC_VAR_UNSPECIFIED_CPU1
MISF;MEMSEC_START_SEC_VAR_UNSPECIFIED_CPU1
MISFDFTLRNOUT;MEMSEC_START_SEC_VAR_UNSPECIFIED_CPU1
MISFDFTLRN;MEMSEC_START_SEC_VAR_UNSPECIFIED_CPU1
MISFWINADP;MEMSEC_START_SEC_VAR_UNSPECIFIED_CPU1
MISFWINACQ;MEMSEC_START_SEC_VAR_UNSPECIFIED_CPU1
MISFDET;MEMSEC_START_SEC_VAR_UNSPECIFIED_CPU1
MISFSUCDET;MEMSEC_START_SEC_VAR_UNSPECIFIED_CPU1
MISFDETCFM;MEMSEC_START_SEC_VAR_UNSPECIFIED_CPU1
MISFROUGHNSROADCAN;MEMSEC_START_SEC_VAR_UNSPECIFIED_CPU1
MISFROUGHNSROAD;MEMSEC_START_SEC_VAR_UNSPECIFIED_CPU1
MISFFAICTR;MEMSEC_START_SEC_VAR_UNSPECIFIED_CPU1
MISFDIAGSTABCDN;MEMSEC_START_SEC_VAR_UNSPECIFIED_CPU1
IGCMDMISFGENR;MEMSEC_START_SEC_VAR_UNSPECIFIED_CPU1
AVRMISFCNT;MEMSEC_START_SEC_VAR_UNSPECIFIED_CPU1
MISFSUCDETIDLE;MEMSEC_START_SEC_VAR_UNSPECIFIED_CPU1
MISFDETIDLE;MEMSEC_START_SEC_VAR_UNSPECIFIED_CPU1
OBD_HAT;MEMSEC_START_SEC_VAR_UNSPECIFIED_CPU1
INTOBDSRV;MEMSEC_START_SEC_VAR_UNSPECIFIED_CPU1
OBDSRV;MEMSEC_START_SEC_VAR_UNSPECIFIED_CPU1
OBDSRV06;MEMSEC_START_SEC_VAR_UNSPECIFIED_CPU1
OIL;MEMSEC_START_SEC_VAR_UNSPECIFIED_CPU1
OILPRESACQ;MEMSEC_START_SEC_VAR_UNSPECIFIED_CPU1
TOILEST;MEMSEC_START_SEC_VAR_UNSPECIFIED_CPU1
BLOWBYCMD;MEMSEC_START_SEC_VAR_UNSPECIFIED_CPU1
ACTRTSTBLOWBY;MEMSEC_START_SEC_VAR_UNSPECIFIED_CPU1
POSTEQUSRV;MEMSEC_START_SEC_VAR_UNSPECIFIED_CPU1
PWRLMRK;MEMSEC_START_SEC_VAR_UNSPECIFIED_CPU1
PWRSEN_ACQ;MEMSEC_START_SEC_VAR_UNSPECIFIED_CPU1
REFIDETA;MEMSEC_START_SEC_VAR_UNSPECIFIED_CPU1
RLY_MIVIE;MEMSEC_START_SEC_VAR_UNSPECIFIED_CPU1
PWRLRLY;MEMSEC_START_SEC_VAR_UNSPECIFIED_CPU1
PWRRLYCMDDIAG;MEMSEC_START_SEC_VAR_UNSPECIFIED_CPU1
INFOCRASH;MEMSEC_START_SEC_VAR_UNSPECIFIED_CPU1
RLYPWR;MEMSEC_START_SEC_VAR_UNSPECIFIED_CPU1
RLYACTEST;MEMSEC_START_SEC_VAR_UNSPECIFIED_CPU1
RND;MEMSEC_START_SEC_VAR_UNSPECIFIED_CPU1
SAIMMO;MEMSEC_START_SEC_VAR_UNSPECIFIED_CPU1
SECUR;MEMSEC_START_SEC_VAR_UNSPECIFIED_CPU1
SFTYTMS;MEMSEC_START_SEC_VAR_UNSPECIFIED_CPU1
IFAUTHDFTSTT;MEMSEC_START_SEC_VAR_UNSPECIFIED_CPU1
SECUBV;MEMSEC_START_SEC_VAR_UNSPECIFIED_CPU1
MONAUTHOSTT;MEMSEC_START_SEC_VAR_UNSPECIFIED_CPU1
TQDRIVMON;MEMSEC_START_SEC_VAR_UNSPECIFIED_CPU1
TQCOMON;MEMSEC_START_SEC_VAR_UNSPECIFIED_CPU1
NTARIDLCHK;MEMSEC_START_SEC_VAR_UNSPECIFIED_CPU1
TQLOSSMON;MEMSEC_START_SEC_VAR_UNSPECIFIED_CPU1
TQCOMP;MEMSEC_START_SEC_VAR_UNSPECIFIED_CPU1
TQCKEFCFIL;MEMSEC_START_SEC_VAR_UNSPECIFIED_CPU1
SFTYMNGR;MEMSEC_START_SEC_VAR_UNSPECIFIED_CPU1
TQIDLCHK;MEMSEC_START_SEC_VAR_UNSPECIFIED_CPU1
TQVSCTLCHK;MEMSEC_START_SEC_VAR_UNSPECIFIED_CPU1
TQIDCENGREAL;MEMSEC_START_SEC_VAR_UNSPECIFIED_CPU1
LIHCHK;MEMSEC_START_SEC_VAR_UNSPECIFIED_CPU1
DFTMGT;MEMSEC_START_SEC_VAR_UNSPECIFIED_CPU1
PDSTHRCHK;MEMSEC_START_SEC_VAR_UNSPECIFIED_CPU1
FFGEN;MEMSEC_START_SEC_VAR_UNSPECIFIED_CPU1
IFTQSTRUCT_TQMON;MEMSEC_START_SEC_VAR_UNSPECIFIED_CPU1
TQCKENGLIMCORD_CA;MEMSEC_START_SEC_VAR_UNSPECIFIED_CPU1
SFTYMGTIFTQ;MEMSEC_START_SEC_VAR_UNSPECIFIED_CPU1
SFTYCPUDIAG;MEMSEC_START_SEC_VAR_UNSPECIFIED_CPU1
PFCMNG;MEMSEC_START_SEC_VAR_UNSPECIFIED_CPU1
DIAGSFTYLVL2;MEMSEC_START_SEC_VAR_UNSPECIFIED_CPU1
SRVACTESTMNG;MEMSEC_START_SEC_VAR_UNSPECIFIED_CPU1
SUMRAT;MEMSEC_START_SEC_VAR_UNSPECIFIED_CPU1
SYNC;MEMSEC_START_SEC_VAR_UNSPECIFIED_CPU1
CKMNGIF;MEMSEC_START_SEC_VAR_UNSPECIFIED_CPU1
SYNCSTT;MEMSEC_START_SEC_VAR_UNSPECIFIED_CPU1
SYNCINCMDIAG;MEMSEC_START_SEC_VAR_UNSPECIFIED_CPU1
SYNCEXCMDIAG;MEMSEC_START_SEC_VAR_UNSPECIFIED_CPU1
SYNCENGCLC;MEMSEC_START_SEC_VAR_UNSPECIFIED_CPU1
SYNCCKCMCOHDIAG;MEMSEC_START_SEC_VAR_UNSPECIFIED_CPU1
SYNCCKCMMONDIAG;MEMSEC_START_SEC_VAR_UNSPECIFIED_CPU1
SYNCENGMNG;MEMSEC_START_SEC_VAR_UNSPECIFIED_CPU1
COSYNC;MEMSEC_START_SEC_VAR_UNSPECIFIED_CPU1
PREDESCHG;MEMSEC_START_SEC_VAR_UNSPECIFIED_CPU1
IFNENGCLC;MEMSEC_START_SEC_VAR_UNSPECIFIED_CPU1
BUFNES;MEMSEC_START_SEC_VAR_UNSPECIFIED_CPU1
PREDES;MEMSEC_START_SEC_VAR_UNSPECIFIED_CPU1
SYNCCKDIAGDIAG;MEMSEC_START_SEC_VAR_UNSPECIFIED_CPU1
TELECODAGE;MEMSEC_START_SEC_VAR_UNSPECIFIED_CPU1
THR;MEMSEC_START_SEC_VAR_UNSPECIFIED_CPU1
THRBENCHMODE;MEMSEC_START_SEC_VAR_UNSPECIFIED_CPU1
THRFULLRNGPOSN;MEMSEC_START_SEC_VAR_UNSPECIFIED_CPU1
THRBENCHAUT;MEMSEC_START_SEC_VAR_UNSPECIFIED_CPU1
THRSPPOSN;MEMSEC_START_SEC_VAR_UNSPECIFIED_CPU1
THRBOOSTSP;MEMSEC_START_SEC_VAR_UNSPECIFIED_CPU1
THRABSSPPOSN;MEMSEC_START_SEC_VAR_UNSPECIFIED_CPU1
THRMCUT;MEMSEC_START_SEC_VAR_UNSPECIFIED_CPU1
THRSERVO;MEMSEC_START_SEC_VAR_UNSPECIFIED_CPU1
THRMNGSERVO;MEMSEC_START_SEC_VAR_UNSPECIFIED_CPU1
THRSERVODIAG;MEMSEC_START_SEC_VAR_UNSPECIFIED_CPU1
THROPLCTL;MEMSEC_START_SEC_VAR_UNSPECIFIED_CPU1
THRSTOPCLCN;MEMSEC_START_SEC_VAR_UNSPECIFIED_CPU1
THRPOSMES;MEMSEC_START_SEC_VAR_UNSPECIFIED_CPU1
THRSECUMNG;MEMSEC_START_SEC_VAR_UNSPECIFIED_CPU1
THRCORRDPOSN;MEMSEC_START_SEC_VAR_UNSPECIFIED_CPU1
THRCMD;MEMSEC_START_SEC_VAR_UNSPECIFIED_CPU1
THRPOSNSPLRN;MEMSEC_START_SEC_VAR_UNSPECIFIED_CPU1
THRACTEST;MEMSEC_START_SEC_VAR_UNSPECIFIED_CPU1
THRSFTYCPUIFINH;MEMSEC_START_SEC_VAR_UNSPECIFIED_CPU1
THRTHERMOPROT;MEMSEC_START_SEC_VAR_UNSPECIFIED_CPU1
THRSFTYMNG;MEMSEC_START_SEC_VAR_UNSPECIFIED_CPU1
TIENGSTOP;MEMSEC_START_SEC_VAR_UNSPECIFIED_CPU1
TQSYS;MEMSEC_START_SEC_VAR_UNSPECIFIED_CPU1
TQSYSIDC;MEMSEC_START_SEC_VAR_UNSPECIFIED_CPU1
TQLIMSFTY;MEMSEC_START_SEC_VAR_UNSPECIFIED_CPU1
TQSYSVLD;MEMSEC_START_SEC_VAR_UNSPECIFIED_CPU1
TQSYSSPBENCHMOD;MEMSEC_START_SEC_VAR_UNSPECIFIED_CPU1
MUXTQREQ;MEMSEC_START_SEC_VAR_UNSPECIFIED_CPU1
OILTQCF_CA;MEMSEC_START_SEC_VAR_UNSPECIFIED_CPU1
BRKASIACT;MEMSEC_START_SEC_VAR_UNSPECIFIED_CPU1
SPTMOD;MEMSEC_START_SEC_VAR_UNSPECIFIED_CPU1
TQESTMAX;MEMSEC_START_SEC_VAR_UNSPECIFIED_CPU1
RICHBOOST;MEMSEC_START_SEC_VAR_UNSPECIFIED_CPU1
CHATQAIRCORD;MEMSEC_START_SEC_VAR_UNSPECIFIED_CPU1
TQLNCHRES;MEMSEC_START_SEC_VAR_UNSPECIFIED_CPU1
TQENGRES;MEMSEC_START_SEC_VAR_UNSPECIFIED_CPU1
TQALTRES;MEMSEC_START_SEC_VAR_UNSPECIFIED_CPU1
TQSTGPMPRES;MEMSEC_START_SEC_VAR_UNSPECIFIED_CPU1
TQCNVRES;MEMSEC_START_SEC_VAR_UNSPECIFIED_CPU1
TQFANRES;MEMSEC_START_SEC_VAR_UNSPECIFIED_CPU1
TQACRES;MEMSEC_START_SEC_VAR_UNSPECIFIED_CPU1
TQEIPMPRES;MEMSEC_START_SEC_VAR_UNSPECIFIED_CPU1
TQRESCORD;MEMSEC_START_SEC_VAR_UNSPECIFIED_CPU1
TQCRWLRES;MEMSEC_START_SEC_VAR_UNSPECIFIED_CPU1
IDLMGR;MEMSEC_START_SEC_VAR_UNSPECIFIED_CPU1
IDLCTRL;MEMSEC_START_SEC_VAR_UNSPECIFIED_CPU1
TQCOHEATRES;MEMSEC_START_SEC_VAR_UNSPECIFIED_CPU1
TQANTISTALLBVM;MEMSEC_START_SEC_VAR_UNSPECIFIED_CPU1
IDLSYSCUTOFF;MEMSEC_START_SEC_VAR_UNSPECIFIED_CPU1
ENGIDLEINTERFACE;MEMSEC_START_SEC_VAR_UNSPECIFIED_CPU1
SBPAGEN;MEMSEC_START_SEC_VAR_UNSPECIFIED_CPU1
TQCATHEATRES;MEMSEC_START_SEC_VAR_UNSPECIFIED_CPU1
IDLCMDMOD;MEMSEC_START_SEC_VAR_UNSPECIFIED_CPU1
TARIDLSTA;MEMSEC_START_SEC_VAR_UNSPECIFIED_CPU1
PROTDFTLCLC;MEMSEC_START_SEC_VAR_UNSPECIFIED_CPU1
PROTMANCLU;MEMSEC_START_SEC_VAR_UNSPECIFIED_CPU1
ENGLIMEFCCORD;MEMSEC_START_SEC_VAR_UNSPECIFIED_CPU1
TQADVMIN;MEMSEC_START_SEC_VAR_UNSPECIFIED_CPU1
TQCMPMANGBX;MEMSEC_START_SEC_VAR_UNSPECIFIED_CPU1
TUNCFG;MEMSEC_START_SEC_VAR_UNSPECIFIED_CPU1
VEHSPD;MEMSEC_START_SEC_VAR_UNSPECIFIED_CPU1
VEHMNG;MEMSEC_START_SEC_VAR_UNSPECIFIED_CPU1
VEHMUX;MEMSEC_START_SEC_VAR_UNSPECIFIED_CPU1
VEHSPDACQ;MEMSEC_START_SEC_VAR_UNSPECIFIED_CPU1
VEHSPDDIAG;MEMSEC_START_SEC_VAR_UNSPECIFIED_CPU1
SPDVEHSECU;MEMSEC_START_SEC_VAR_UNSPECIFIED_CPU1
VLVACTEX;MEMSEC_START_SEC_VAR_UNSPECIFIED_CPU1
VLVACTEXACQ;MEMSEC_START_SEC_VAR_UNSPECIFIED_CPU1
VLVACTEXCMD;MEMSEC_START_SEC_VAR_UNSPECIFIED_CPU1
VLVACTEXENDSTOP;MEMSEC_START_SEC_VAR_UNSPECIFIED_CPU1
VLVACTEXIF;MEMSEC_START_SEC_VAR_UNSPECIFIED_CPU1
VLVACTEXSERVO;MEMSEC_START_SEC_VAR_UNSPECIFIED_CPU1
VLVACTEXMNG;MEMSEC_START_SEC_VAR_UNSPECIFIED_CPU1
VLVACTEXCLN;MEMSEC_START_SEC_VAR_UNSPECIFIED_CPU1
VLVACTEXESTIM;MEMSEC_START_SEC_VAR_UNSPECIFIED_CPU1
VLVACTEXMON;MEMSEC_START_SEC_VAR_UNSPECIFIED_CPU1
VLVACTEXACTRTEST;MEMSEC_START_SEC_VAR_UNSPECIFIED_CPU1
VLVACTEXVLVBENCHMOD;MEMSEC_START_SEC_VAR_UNSPECIFIED_CPU1
VLVACTIN;MEMSEC_START_SEC_VAR_UNSPECIFIED_CPU1
VLVACTINACQ;MEMSEC_START_SEC_VAR_UNSPECIFIED_CPU1
VLVACTINCMD;MEMSEC_START_SEC_VAR_UNSPECIFIED_CPU1
VLVACTINENDSTOP;MEMSEC_START_SEC_VAR_UNSPECIFIED_CPU1
VLVACTINIF;MEMSEC_START_SEC_VAR_UNSPECIFIED_CPU1
VLVACTINSERVO;MEMSEC_START_SEC_VAR_UNSPECIFIED_CPU1
VLVACTINMNG;MEMSEC_START_SEC_VAR_UNSPECIFIED_CPU1
VLVACTINCLN;MEMSEC_START_SEC_VAR_UNSPECIFIED_CPU1
VLVACTINESTIM;MEMSEC_START_SEC_VAR_UNSPECIFIED_CPU1
VLVACTINMON;MEMSEC_START_SEC_VAR_UNSPECIFIED_CPU1
VLVACTINACTRTEST;MEMSEC_START_SEC_VAR_UNSPECIFIED_CPU1
VLVACTINVLVBENCHMOD;MEMSEC_START_SEC_VAR_UNSPECIFIED_CPU1
NOPROD;MEMSEC_START_SEC_VAR_UNSPECIFIED_CPU1
IFRTE;MEMSEC_START_SEC_VAR_UNSPECIFIED_CPU2
DCM_CONFIG;MEMSEC_START_SEC_VAR_UNSPECIFIED_CPU2
DCM;MEMSEC_START_SEC_VAR_UNSPECIFIED_CPU2
DCM_GEN;MEMSEC_START_SEC_VAR_UNSPECIFIED_CPU2
DCM_MANU;MEMSEC_START_SEC_VAR_UNSPECIFIED_CPU2
FRT;MEMSEC_START_SEC_VAR_UNSPECIFIED_CPU2
PSA_CATACVDIAGT_3_1;MEMSEC_START_SEC_VAR_UNSPECIFIED_CPU2
PSA_CATPASDIAGT_3_1;MEMSEC_START_SEC_VAR_UNSPECIFIED_CPU2
PSA_IMMO_3_1;MEMSEC_START_SEC_VAR_UNSPECIFIED_CPU2
PSA_INJRSYS_AS_3_1;MEMSEC_START_SEC_VAR_UNSPECIFIED_CPU2
PSA_INJCRK_AS_3_1;MEMSEC_START_SEC_VAR_UNSPECIFIED_CPU2
PSA_TAUXSP2_AS_3_1;MEMSEC_START_SEC_VAR_UNSPECIFIED_CPU2
ACQCMDDIO;MEMSEC_START_SEC_VAR_UNSPECIFIED_CPU2
ACQPWD;MEMSEC_START_SEC_VAR_UNSPECIFIED_CPU2
CMDPWM;MEMSEC_START_SEC_VAR_UNSPECIFIED_CPU2
ACQADC;MEMSEC_START_SEC_VAR_UNSPECIFIED_CPU2
INJCMD;MEMSEC_START_SEC_VAR_UNSPECIFIED_CPU2
SYNCCKDIAG;MEMSEC_START_SEC_VAR_UNSPECIFIED_CPU2
LAYERSYNC;MEMSEC_START_SEC_VAR_UNSPECIFIED_CPU2
IGCOILMNG;MEMSEC_START_SEC_VAR_UNSPECIFIED_CPU2
ACQDGOHAL;MEMSEC_START_SEC_VAR_UNSPECIFIED_CPU2
VSSNWDMTRACV;MEMSEC_START_SEC_VAR_UNSPECIFIED_CPU2
ADCBSL;MEMSEC_START_SEC_VAR_UNSPECIFIED_CPU2
ADCHAL_F1;MEMSEC_START_SEC_VAR_UNSPECIFIED_CPU2
ANGSCHED;MEMSEC_START_SEC_VAR_UNSPECIFIED_CPU2
CAMHAL;MEMSEC_START_SEC_VAR_UNSPECIFIED_CPU2
CJ135;MEMSEC_START_SEC_VAR_UNSPECIFIED_CPU2
CRKHAL;MEMSEC_START_SEC_VAR_UNSPECIFIED_CPU2
DET;MEMSEC_START_SEC_VAR_UNSPECIFIED_CPU2
DEVHAL;MEMSEC_START_SEC_VAR_UNSPECIFIED_CPU2
DGOHAL;MEMSEC_START_SEC_VAR_UNSPECIFIED_CPU2
DIOHAL;MEMSEC_START_SEC_VAR_UNSPECIFIED_CPU2
HBHAL;MEMSEC_START_SEC_VAR_UNSPECIFIED_CPU2
HOD;MEMSEC_START_SEC_VAR_UNSPECIFIED_CPU2
IGNHAL;MEMSEC_START_SEC_VAR_UNSPECIFIED_CPU2
INJHAL;MEMSEC_START_SEC_VAR_UNSPECIFIED_CPU2
KNWHAL;MEMSEC_START_SEC_VAR_UNSPECIFIED_CPU2
L9960;MEMSEC_START_SEC_VAR_UNSPECIFIED_CPU2
LBHOT;MEMSEC_START_SEC_VAR_UNSPECIFIED_CPU2
MCAL_TC27X_CAN;MEMSEC_START_SEC_VAR_UNSPECIFIED_CPU2
MCAL_TC27X_CRC;MEMSEC_START_SEC_VAR_UNSPECIFIED_CPU2
MCAL_TC27X_DIO;MEMSEC_START_SEC_VAR_UNSPECIFIED_CPU2
MCAL_TC27X_DRV;MEMSEC_START_SEC_VAR_UNSPECIFIED_CPU2
MCAL_TC27X_ECUM;MEMSEC_START_SEC_VAR_UNSPECIFIED_CPU2
MCAL_TC27X_FEE;MEMSEC_START_SEC_VAR_UNSPECIFIED_CPU2
MCAL_TC27X_FLS_17_PMU;MEMSEC_START_SEC_VAR_UNSPECIFIED_CPU2
MCAL_TC27X_FLSLOADER;MEMSEC_START_SEC_VAR_UNSPECIFIED_CPU2
MCAL_TC27X_GPT;MEMSEC_START_SEC_VAR_UNSPECIFIED_CPU2
MCAL_TC27X_ICU;MEMSEC_START_SEC_VAR_UNSPECIFIED_CPU2
MCAL_TC27X_LIN;MEMSEC_START_SEC_VAR_UNSPECIFIED_CPU2
MCAL_TC27X_MCU;MEMSEC_START_SEC_VAR_UNSPECIFIED_CPU2
MCAL_TC27X_MSC;MEMSEC_START_SEC_VAR_UNSPECIFIED_CPU2
MCAL_TC27X_PORT;MEMSEC_START_SEC_VAR_UNSPECIFIED_CPU2
MCAL_TC27X_PWM;MEMSEC_START_SEC_VAR_UNSPECIFIED_CPU2
MCAL_TC27X_SPI;MEMSEC_START_SEC_VAR_UNSPECIFIED_CPU2
MCAL_TC27X_STD;MEMSEC_START_SEC_VAR_UNSPECIFIED_CPU2
MCAL_TC27X_WDG;MEMSEC_START_SEC_VAR_UNSPECIFIED_CPU2
MEMIF_AS412;MEMSEC_START_SEC_VAR_UNSPECIFIED_CPU2
MEMMAP;MEMSEC_START_SEC_VAR_UNSPECIFIED_CPU2
MEMSRV;MEMSEC_START_SEC_VAR_UNSPECIFIED_CPU2
MOS;MEMSEC_START_SEC_VAR_UNSPECIFIED_CPU2
NVM_AS402;MEMSEC_START_SEC_VAR_UNSPECIFIED_CPU2
PRSHAL;MEMSEC_START_SEC_VAR_UNSPECIFIED_CPU2
PTMHAL;MEMSEC_START_SEC_VAR_UNSPECIFIED_CPU2
PWDHAL;MEMSEC_START_SEC_VAR_UNSPECIFIED_CPU2
PWLHAL;MEMSEC_START_SEC_VAR_UNSPECIFIED_CPU2
PWMHAL;MEMSEC_START_SEC_VAR_UNSPECIFIED_CPU2
RSTSRV;MEMSEC_START_SEC_VAR_UNSPECIFIED_CPU2
RTMCKS;MEMSEC_START_SEC_VAR_UNSPECIFIED_CPU2
RTMCLD;MEMSEC_START_SEC_VAR_UNSPECIFIED_CPU2
RTMCLD2;MEMSEC_START_SEC_VAR_UNSPECIFIED_CPU2
SWFAIL_TC27X;MEMSEC_START_SEC_VAR_UNSPECIFIED_CPU2
TDCHAL;MEMSEC_START_SEC_VAR_UNSPECIFIED_CPU2
TLE7209;MEMSEC_START_SEC_VAR_UNSPECIFIED_CPU2
TLE8718_F1;MEMSEC_START_SEC_VAR_UNSPECIFIED_CPU2
TLF35584;MEMSEC_START_SEC_VAR_UNSPECIFIED_CPU2
TSKSRV;MEMSEC_START_SEC_VAR_UNSPECIFIED_CPU2
BASE_AS40;MEMSEC_START_SEC_VAR_UNSPECIFIED_CPU2
CANIF_AS41;MEMSEC_START_SEC_VAR_UNSPECIFIED_CPU2
CANSM_AS40;MEMSEC_START_SEC_VAR_UNSPECIFIED_CPU2
CANTP_AS41;MEMSEC_START_SEC_VAR_UNSPECIFIED_CPU2
CCP;MEMSEC_START_SEC_VAR_UNSPECIFIED_CPU2
CCPUSR;MEMSEC_START_SEC_VAR_UNSPECIFIED_CPU2
COM_AS41;MEMSEC_START_SEC_VAR_UNSPECIFIED_CPU2
COMM_AS41;MEMSEC_START_SEC_VAR_UNSPECIFIED_CPU2
ECUC_AS40;MEMSEC_START_SEC_VAR_UNSPECIFIED_CPU2
PDUR_AS41;MEMSEC_START_SEC_VAR_UNSPECIFIED_CPU2
LINIF_AS412;MEMSEC_START_SEC_VAR_UNSPECIFIED_CPU2
LINSM_AS412;MEMSEC_START_SEC_VAR_UNSPECIFIED_CPU2
MATHSRV;MEMSEC_START_SEC_VAR_UNSPECIFIED_CPU2
WGCMDSPARB;MEMSEC_START_SEC_VAR_UNSPECIFIED_CPU1
WGCMDSP;MEMSEC_START_SEC_VAR_UNSPECIFIED_CPU1
WGCCMD;MEMSEC_START_SEC_VAR_UNSPECIFIED_CPU1
WGACTRTEST;MEMSEC_START_SEC_VAR_UNSPECIFIED_CPU1
WG_CMDBENCHMOD;MEMSEC_START_SEC_VAR_UNSPECIFIED_CPU1
TRBWAPMP;MEMSEC_START_SEC_VAR_UNSPECIFIED_CPU1
TLE8718;MEMSEC_START_SEC_VAR_UNSPECIFIED_CPU2
TIGBTACQ;MEMSEC_START_SEC_VAR_UNSPECIFIED_CPU1
TECUACQ;MEMSEC_START_SEC_VAR_UNSPECIFIED_CPU1
SWFAIL;MEMSEC_START_SEC_VAR_UNSPECIFIED_CPU2
SPGPRESSP;MEMSEC_START_SEC_VAR_UNSPECIFIED_CPU1
SPGPRESACQ;MEMSEC_START_SEC_VAR_UNSPECIFIED_CPU1
SCHM_DCM;MEMSEC_START_SEC_VAR_UNSPECIFIED_CPU1
RTMTSK;MEMSEC_START_SEC_VAR_UNSPECIFIED_CPU1
RBLDETBENCH;MEMSEC_START_SEC_VAR_UNSPECIFIED_CPU1
RBLCRITZONE;MEMSEC_START_SEC_VAR_UNSPECIFIED_CPU1
PRESDIAGCOH;MEMSEC_START_SEC_VAR_UNSPECIFIED_CPU1
PMPHAL;MEMSEC_START_SEC_VAR_UNSPECIFIED_CPU2
PFUACQ;MEMSEC_START_SEC_VAR_UNSPECIFIED_CPU1
OILPROPPRESACQ;MEMSEC_START_SEC_VAR_UNSPECIFIED_CPU1
OILLVLHALACQ_DT;MEMSEC_START_SEC_VAR_UNSPECIFIED_CPU1
OILLVLACQ;MEMSEC_START_SEC_VAR_UNSPECIFIED_CPU1
OILDSP;MEMSEC_START_SEC_VAR_UNSPECIFIED_CPU1
NVMSRV;MEMSEC_START_SEC_VAR_UNSPECIFIED_CPU1
NOPROD_SW;MEMSEC_START_SEC_VAR_UNSPECIFIED_CPU1
NOPROD_SAMPLETI;MEMSEC_START_SEC_VAR_UNSPECIFIED_CPU1
NOPROD_FCTTFT;MEMSEC_START_SEC_VAR_UNSPECIFIED_CPU1
Nom_FCT;MEMSEC_START_SEC_VAR_UNSPECIFIED_CPU1
M2CCAM;MEMSEC_START_SEC_VAR_UNSPECIFIED_CPU2
M2CANG;MEMSEC_START_SEC_VAR_UNSPECIFIED_CPU2
L9960_CFG;MEMSEC_START_SEC_VAR_UNSPECIFIED_CPU2
L9781;MEMSEC_START_SEC_VAR_UNSPECIFIED_CPU2
KRN;MEMSEC_START_SEC_VAR_UNSPECIFIED_CPU1
KNKRBLACQ;MEMSEC_START_SEC_VAR_UNSPECIFIED_CPU1
KNKMVNOISEADPRBL;MEMSEC_START_SEC_VAR_UNSPECIFIED_CPU1
KNKINSTNOISERBL;MEMSEC_START_SEC_VAR_UNSPECIFIED_CPU1
KNKDETRBL;MEMSEC_START_SEC_VAR_UNSPECIFIED_CPU1
INJHAL_CFG;MEMSEC_START_SEC_VAR_UNSPECIFIED_CPU2
INJCUTOFFBVMP;MEMSEC_START_SEC_VAR_UNSPECIFIED_CPU1
INJACTEST;MEMSEC_START_SEC_VAR_UNSPECIFIED_CPU1
INITPROTECT;MEMSEC_START_SEC_VAR_UNSPECIFIED_CPU2
HPPMPACTCMDACQ_DT;MEMSEC_START_SEC_VAR_UNSPECIFIED_CPU1
HPPMPACTCMD;MEMSEC_START_SEC_VAR_UNSPECIFIED_CPU1
HEADER;MEMSEC_START_SEC_VAR_UNSPECIFIED_CPU1
GDFRMDEF;MEMSEC_START_SEC_VAR_UNSPECIFIED_CPU1
FCTDIAGWG;MEMSEC_START_SEC_VAR_UNSPECIFIED_CPU1
FCTDIAGTRBPRES;MEMSEC_START_SEC_VAR_UNSPECIFIED_CPU1
FCTDIAGDMPVLV;MEMSEC_START_SEC_VAR_UNSPECIFIED_CPU1
EXTERNAL;MEMSEC_START_SEC_VAR_UNSPECIFIED_CPU1
DMPVLVOPLCMD;MEMSEC_START_SEC_VAR_UNSPECIFIED_CPU1
DMPVLVCMDSPARB;MEMSEC_START_SEC_VAR_UNSPECIFIED_CPU1
DMPVLVCMD;MEMSEC_START_SEC_VAR_UNSPECIFIED_CPU1
DLT;MEMSEC_START_SEC_VAR_UNSPECIFIED_CPU1
DIAGASICGDI;MEMSEC_START_SEC_VAR_UNSPECIFIED_CPU1
DGOHALACQINJ;MEMSEC_START_SEC_VAR_UNSPECIFIED_CPU1
DCM_CFG;MEMSEC_START_SEC_VAR_UNSPECIFIED_CPU1
CTLPMPREQ;MEMSEC_START_SEC_VAR_UNSPECIFIED_CPU1
CMDPWMACT_DT;MEMSEC_START_SEC_VAR_UNSPECIFIED_CPU1
CMDDIO_DT;MEMSEC_START_SEC_VAR_UNSPECIFIED_CPU1
CALIB;MEMSEC_START_SEC_VAR_UNSPECIFIED_CPU1
BSWM_DCM;MEMSEC_START_SEC_VAR_UNSPECIFIED_CPU2
ADHEATCMD;MEMSEC_START_SEC_VAR_UNSPECIFIED_CPU1
ADCHAL;MEMSEC_START_SEC_VAR_UNSPECIFIED_CPU2
ACTRTSTMEAP;MEMSEC_START_SEC_VAR_UNSPECIFIED_CPU1
ACTRTSTDV;MEMSEC_START_SEC_VAR_UNSPECIFIED_CPU1
ACTRTSTCTP;MEMSEC_START_SEC_VAR_UNSPECIFIED_CPU1
ACQDGOHAL_DT;MEMSEC_START_SEC_VAR_UNSPECIFIED_CPU1
ACQADC_DT;MEMSEC_START_SEC_VAR_UNSPECIFIED_CPU1
