Parameter Name;Error Severity;Details;
AFAT_sNV_Z1_CALIB_8BIT_r.AFA_agC;Error;The parameter in the calibration file was not exist into the database;
AFAT_sNV_Z1_CALIB_8BIT_r.AFA_agC;Error;The parameter in the calibration file was not exist into the database;
AFAT_sNV_Z1_CALIB_8BIT_r.AFA_fac;Error;The parameter in the calibration file was not exist into the database;
AFAT_sNV_Z1_CALIB_8BIT_r.AFA_fac;Error;The parameter in the calibration file was not exist into the database;
AFAT_sNV_Z1_CALIB_8BIT_r.AFA_fac;Error;The parameter in the calibration file was not exist into the database;
AfuA_bInvldEthRat_Stub_C;Error;The parameter in the calibration file was not exist into the database;
CoHeat_bAcvHeatMgt_Stub_C;Error;The parameter in the calibration file was not exist into the database;
CoHeat_tCoEstim_Stub_C;Error;The parameter in the calibration file was not exist into the database;
CoHeat_tCoEstimStrt_Stub_C;Error;The parameter in the calibration file was not exist into the database;
CoPt_tiMaxWupModDsl_T;Warning;Record Size in Calibration file does not equal the size in database, The Size in database will be taken into consideration.;
DmpVlv_bAcvDmpVlv_Stub_C;Error;The parameter in the calibration file was not exist into the database;
DmpVlv_rAirLdLimSurgeReq_Stub_C;Error;The parameter in the calibration file was not exist into the database;
EGRSys_rEGRReq_Stub_C;Error;The parameter in the calibration file was not exist into the database;
EngLim_tqIdcFLdLim_Stub_C;Error;The parameter in the calibration file was not exist into the database;
Ext_aVehLatEstim_Stub_C;Error;The parameter in the calibration file was not exist into the database;
Ext_bfAcvConstReTra1_Stub_C;Error;The parameter in the calibration file was not exist into the database;
Ext_stSysGas_Stub_C;Error;The parameter in the calibration file was not exist into the database;
GD_bInhDiagPwrlAFA_AdpArEffThrOf;Error;The parameter in the calibration file was not exist into the database;
GD_bInhDiagPwrlAFA_AdpArEffThrOf;Error;The parameter in the calibration file was not exist into the database;
GD_bInhDiagPwrlAFA_AdpArEffThrOf;Error;The parameter in the calibration file was not exist into the database;
GD_bInhDiagPwrlAFA_AdpArEffThrOf;Error;The parameter in the calibration file was not exist into the database;
IgSys_prm_facGas_Stub_C;Error;The parameter in the calibration file was not exist into the database;
Stg_bStgPmpThdMes_Stub_C;Error;The parameter in the calibration file was not exist into the database;
Stg_pStgPmpLnrMes_Stub_C;Error;The parameter in the calibration file was not exist into the database;
ThMgt_rSpdFan3ThPFltMgt_C;Error;The parameter in the calibration file was not exist into the database;
ThMgt_tCoHiThdAntiBoil_no3_T;Error;Record Transfer function in Calibration file does not equal the transfer function in database, The Transfer function in database will be taken into consideration.;
ThMgt_tCoHiThdAntiBoil_no3_T;Warning;Parameter a and b coefficiet values are different from a and b values in database ;
ThMgt_tCoHiThdAntiBoil_no3_T;Info;New Decimal value recalculated from the value in the calib file in order to eleminate the effect of coeff or transfer function difference between database and calib file;
ThMgt_tCoHiThdAntiBoil_no5_T;Error;Record Transfer function in Calibration file does not equal the transfer function in database, The Transfer function in database will be taken into consideration.;
ThMgt_tCoHysAntiBoil_C;Warning;Record Size in Calibration file does not equal the size in database, The Size in database will be taken into consideration.;
ThMgt_tCoHysAntiBoil_C;Error;Record Transfer function in Calibration file does not equal the transfer function in database, The Transfer function in database will be taken into consideration.;
ThMgt_tCoRegAntiBoil_no3x_A;Error;Record Transfer function in Calibration file does not equal the transfer function in database, The Transfer function in database will be taken into consideration.;
ThMgt_tCoRegAntiBoil_no5x_A;Error;Record Transfer function in Calibration file does not equal the transfer function in database, The Transfer function in database will be taken into consideration.;
ThMgt_tiLimAcvDlyAntiBoil_C;Error;Record Transfer function in Calibration file does not equal the transfer function in database, The Transfer function in database will be taken into consideration.;
ThMgt_tiLimAcvDlyAntiBoil_C;Warning;Parameter a and b coefficiet values are different from a and b values in database ;
ThMgt_tiLimAcvDlyAntiBoil_C;Info;New Decimal value recalculated from the value in the calib file in order to eleminate the effect of coeff or transfer function difference between database and calib file;
ThMgt_tiMaxAfterRgnThPFltMgt_C;Error;The parameter in the calibration file was not exist into the database;
TqSys_bFuCutOffReq_Stub_C;Error;The parameter in the calibration file was not exist into the database;
TqSys_tqCkPumpHiPLoss_Stub_C;Error;The parameter in the calibration file was not exist into the database;
TqSys_tqThdIdlAcv_C;Error;The parameter in the calibration file was not exist into the database;
TrbAct_bBoostPresClCtlAcv_Stub_C;Error;The parameter in the calibration file was not exist into the database;
TrbAct_rOpTrbAct_Stub_C;Error;The parameter in the calibration file was not exist into the database;
Air_pLossAirFil_T;Error;Missing calibration parameter;
Air_pLossCAC_T;Error;Missing calibration parameter;
AirSys_bAcvFrzMod_B;Error;Missing calibration parameter;
AirSys_bAcvFrzMod_C;Error;Missing calibration parameter;
AirSys_bAcvStraLimSurgeFrz_C;Error;Missing calibration parameter;
AirSys_bDetMT_C;Error;Missing calibration parameter;
AirSys_facFilGainTrbMod_T;Error;Missing calibration parameter;
AirSys_facFilGainUsThrPres_T;Error;Missing calibration parameter;
AirSys_facRatPresThrClcn_A;Error;Missing calibration parameter;
AirSys_mfAirThrReqFil_B;Error;Missing calibration parameter;
AirSys_pDifDsCmprUsThrReq_B;Error;Missing calibration parameter;
AirSys_pDsCmprReqFil_B;Error;Missing calibration parameter;
AirSys_pGrdUsThrHiThd_C;Error;Missing calibration parameter;
AirSys_pGrdUsThrInhFrzThd_C;Error;Missing calibration parameter;
AirSys_pGrdUsThrLoThd_C;Error;Missing calibration parameter;
AirSys_pLossAirThrMax_C;Error;Missing calibration parameter;
AirSys_pUsCmprReqFil_B;Error;Missing calibration parameter;
AirSys_pUsThrReq_B;Error;Missing calibration parameter;
AirSys_pUsThrReqFil_B;Error;Missing calibration parameter;
AirSys_rAirPresThr_T;Error;Missing calibration parameter;
AirSys_tiDlyDetAccPNull_C;Error;Missing calibration parameter;
AirSys_tiDlyDetPGrdUsThr_C;Error;Missing calibration parameter;
AirSys_tiDlyFrz_C;Error;Missing calibration parameter;
AIRSYSTRB_ACTIVE_BYP_C;Error;Missing calibration parameter;
AIRSYSTRB_u8Inhib;Error;Missing calibration parameter;
CoPt_bInhCdnEgdGear_C;Error;Missing calibration parameter;
CoPt_bInhCdnPosnLev_C;Error;Missing calibration parameter;
Ctrl_aLgtGearSen_BypC;Error;Missing calibration parameter;
Ctrl_aVeh_BypC;Error;Missing calibration parameter;
Ctrl_bABSReg_BypC;Error;Missing calibration parameter;
Ctrl_bAccPTra_BypC;Error;Missing calibration parameter;
Ctrl_bAcv_bAcvElCnsReq_BypC;Error;Missing calibration parameter;
Ctrl_bAcv_bAcvSftyWarn_BypC;Error;Missing calibration parameter;
Ctrl_bAcv_bBrkPark_BypC;Error;Missing calibration parameter;
Ctrl_bAcv_bDftFctEM_BypC;Error;Missing calibration parameter;
Ctrl_bAcv_bLiRegESPASR_BypC;Error;Missing calibration parameter;
Ctrl_bAcv_bRCDLine_BypC;Error;Missing calibration parameter;
Ctrl_bAcv_ctClcProc3B8_BypC;Error;Missing calibration parameter;
Ctrl_bAcv_dstVehTotMesIS552_BypC;Error;Missing calibration parameter;
Ctrl_bAcv_dstVehTotMesIS7F2_BypC;Error;Missing calibration parameter;
Ctrl_bAcv_grdNegSlop_BypC;Error;Missing calibration parameter;
Ctrl_bAcv_grdPosSlop_BypC;Error;Missing calibration parameter;
Ctrl_bAcv_noIdFrame_BypC;Error;Missing calibration parameter;
Ctrl_bAcv_noJDDKm_BypC;Error;Missing calibration parameter;
Ctrl_bAcv_noNEngCplm_BypC;Error;Missing calibration parameter;
Ctrl_bAcv_noRatDrvReqCplm_BypC;Error;Missing calibration parameter;
Ctrl_bAcv_noTqAirDrvFilCplm_BypC;Error;Missing calibration parameter;
Ctrl_bAcv_noTqCkEngRealCplm_BypC;Error;Missing calibration parameter;
Ctrl_bAcv_noTqDrvFilCplm_BypC;Error;Missing calibration parameter;
Ctrl_bAcv_noVDS1_BypC;Error;Missing calibration parameter;
Ctrl_bAcv_noVDS2_BypC;Error;Missing calibration parameter;
Ctrl_bAcv_noVDS3_BypC;Error;Missing calibration parameter;
Ctrl_bAcv_noVDS4_BypC;Error;Missing calibration parameter;
Ctrl_bAcv_noVDS5_BypC;Error;Missing calibration parameter;
Ctrl_bAcv_noVDS6_BypC;Error;Missing calibration parameter;
Ctrl_bAcv_noVIS1_BypC;Error;Missing calibration parameter;
Ctrl_bAcv_noVIS2_BypC;Error;Missing calibration parameter;
Ctrl_bAcv_noVIS3_BypC;Error;Missing calibration parameter;
Ctrl_bAcv_noVIS4_BypC;Error;Missing calibration parameter;
Ctrl_bAcv_noVIS5_BypC;Error;Missing calibration parameter;
Ctrl_bAcv_noVIS6_BypC;Error;Missing calibration parameter;
Ctrl_bAcv_noVIS7_BypC;Error;Missing calibration parameter;
Ctrl_bAcv_noVIS8_BypC;Error;Missing calibration parameter;
Ctrl_bAcv_noWMI1_BypC;Error;Missing calibration parameter;
Ctrl_bAcv_noWMI2_BypC;Error;Missing calibration parameter;
Ctrl_bAcv_noWMI3_BypC;Error;Missing calibration parameter;
Ctrl_bagStrWhl_BypC;Error;Missing calibration parameter;
Ctrl_bagvStrWhl_BypC;Error;Missing calibration parameter;
Ctrl_bASRRegFirst_BypC;Error;Missing calibration parameter;
Ctrl_bAuthCrawl_BypC;Error;Missing calibration parameter;
Ctrl_bAuthWupElMgt_BypC;Error;Missing calibration parameter;
Ctrl_bCmpReq_BypC;Error;Missing calibration parameter;
Ctrl_bCntMILRst_BypC;Error;Missing calibration parameter;
Ctrl_bctClcProc305_BypC;Error;Missing calibration parameter;
Ctrl_bCtlEfc_tqWhlPt_BypC;Error;Missing calibration parameter;
Ctrl_bDelDftReq_BypC;Error;Missing calibration parameter;
Ctrl_bDft_bBrkPedPrss_BypC;Error;Missing calibration parameter;
Ctrl_bDft_BypC;Error;Missing calibration parameter;
Ctrl_bDgo_iBattMes_BypC;Error;Missing calibration parameter;
Ctrl_bDgo_tBattMes_BypC;Error;Missing calibration parameter;
Ctrl_bDgo_uBattClc_BypC;Error;Missing calibration parameter;
Ctrl_bDiagMuxOn_BypC;Error;Missing calibration parameter;
Ctrl_bDrvCyGlbl_BypC;Error;Missing calibration parameter;
Ctrl_bEHRWaPmpReqRTE_BypC;Error;Missing calibration parameter;
Ctrl_bElIntgDiag_BypC;Error;Missing calibration parameter;
Ctrl_bElIntgDiagMod_BypC;Error;Missing calibration parameter;
Ctrl_bEngRStrtReqAsiDir_BypC;Error;Missing calibration parameter;
Ctrl_bEngRStrtReqGBx_BypC;Error;Missing calibration parameter;
Ctrl_bEngStopAuthAsiDir_BypC;Error;Missing calibration parameter;
Ctrl_bEngStopAuthGBx_BypC;Error;Missing calibration parameter;
Ctrl_bEngStopReq_BypC;Error;Missing calibration parameter;
Ctrl_bESPRegFirst_BypC;Error;Missing calibration parameter;
Ctrl_bfAcvConstElMgt1_BypC;Error;Missing calibration parameter;
Ctrl_bfAcvConstElMgt2_BypC;Error;Missing calibration parameter;
Ctrl_bfAcvConstElMgt3_BypC;Error;Missing calibration parameter;
Ctrl_bfAcvConstEm1_BypC;Error;Missing calibration parameter;
Ctrl_bfAcvConstEng1_BypC;Error;Missing calibration parameter;
Ctrl_bfAcvConstFrntTra1_BypC;Error;Missing calibration parameter;
Ctrl_bfAcvConstReTra1_BypC;Error;Missing calibration parameter;
Ctrl_bFlashLiMIL_BypC;Error;Missing calibration parameter;
Ctrl_bFrzAC_BypC;Error;Missing calibration parameter;
Ctrl_bGBxRdy_BypC;Error;Missing calibration parameter;
Ctrl_bGearCtlFirst_BypC;Error;Missing calibration parameter;
Ctrl_bImmoUnlockWkuReq_BypC;Error;Missing calibration parameter;
Ctrl_bInhAcqESCFrnt_BypC;Error;Missing calibration parameter;
Ctrl_bInhStrtAMT_BypC;Error;Missing calibration parameter;
Ctrl_bInhVSCtl_BypC;Error;Missing calibration parameter;
Ctrl_bKeyON_BypC;Error;Missing calibration parameter;
Ctrl_bLevMod_BypC;Error;Missing calibration parameter;
Ctrl_bLiIMIL_BypC;Error;Missing calibration parameter;
Ctrl_bLiMILReq_BypC;Error;Missing calibration parameter;
Ctrl_bnoCks305_BypC;Error;Missing calibration parameter;
Ctrl_bNRegReq_BypC;Error;Missing calibration parameter;
Ctrl_bOBDDftOnMIL_BypC;Error;Missing calibration parameter;
Ctrl_bOilMesReq_BypC;Error;Missing calibration parameter;
Ctrl_bOilWkuReq_BypC;Error;Missing calibration parameter;
Ctrl_bOpDrvTraReq_BypC;Error;Missing calibration parameter;
Ctrl_bPrepIgEngWkuReq_BypC;Error;Missing calibration parameter;
Ctrl_bPresOilWarn_BypC;Error;Missing calibration parameter;
Ctrl_bRStrtAuthTra_BypC;Error;Missing calibration parameter;
Ctrl_bRstrtTypAT_BypC;Error;Missing calibration parameter;
Ctrl_bSecBrkPedPrssMes_BypC;Error;Missing calibration parameter;
Ctrl_bSIP_BypC;Error;Missing calibration parameter;
Ctrl_bSIPPrep_BypC;Error;Missing calibration parameter;
Ctrl_bSpdFanGBxReq_BypC;Error;Missing calibration parameter;
Ctrl_bStaProt_BypC;Error;Missing calibration parameter;
Ctrl_bStopEngCoWkuReq_BypC;Error;Missing calibration parameter;
Ctrl_bSTTDft_BypC;Error;Missing calibration parameter;
Ctrl_bTqTx_BypC;Error;Missing calibration parameter;
Ctrl_bTypMsg_BypC;Error;Missing calibration parameter;
Ctrl_bWarn_tCo_BypC;Error;Missing calibration parameter;
Ctrl_bWUC_BypC;Error;Missing calibration parameter;
Ctrl_ctClcProc329_BypC;Error;Missing calibration parameter;
Ctrl_ctClcProc349_BypC;Error;Missing calibration parameter;
Ctrl_ctClcProc34D_BypC;Error;Missing calibration parameter;
Ctrl_ctClcProc38D_BypC;Error;Missing calibration parameter;
Ctrl_ctClcProc3AD_BypC;Error;Missing calibration parameter;
Ctrl_ctClcProc3C9_BypC;Error;Missing calibration parameter;
Ctrl_ctDayCAN_BypC;Error;Missing calibration parameter;
Ctrl_CtRstCurVehTmr_BypC;Error;Missing calibration parameter;
Ctrl_ctSecCAN_BypC;Error;Missing calibration parameter;
Ctrl_ctYrCAN_BypC;Error;Missing calibration parameter;
Ctrl_dstCntGearSen_BypC;Error;Missing calibration parameter;
Ctrl_iBattMaxCkg_BypC;Error;Missing calibration parameter;
Ctrl_idxPrfGBxMsg_BypC;Error;Missing calibration parameter;
Ctrl_idxPtSpt_BypC;Error;Missing calibration parameter;
Ctrl_mfAirMes_BypC;Error;Missing calibration parameter;
Ctrl_nAvrFrntWhl_BypC;Error;Missing calibration parameter;
Ctrl_nEng_BypC;Error;Missing calibration parameter;
Ctrl_nEngAvr_BypC;Error;Missing calibration parameter;
Ctrl_nEngSpdMaxTq_BypC;Error;Missing calibration parameter;
Ctrl_noCks329_BypC;Error;Missing calibration parameter;
Ctrl_noCks349_BypC;Error;Missing calibration parameter;
Ctrl_noCks38D_BypC;Error;Missing calibration parameter;
Ctrl_noCks3AD_BypC;Error;Missing calibration parameter;
Ctrl_noCks3C9_BypC;Error;Missing calibration parameter;
Ctrl_noCMMSeedImmo_BypC;Error;Missing calibration parameter;
Ctrl_noDiag_BypC;Error;Missing calibration parameter;
Ctrl_noEditCal_BypC;Error;Missing calibration parameter;
Ctrl_noEditSw_BypC;Error;Missing calibration parameter;
Ctrl_noEgdGear_BypC;Error;Missing calibration parameter;
Ctrl_noEgdGearCord_BypC;Error;Missing calibration parameter;
Ctrl_noGearReqMax_BypC;Error;Missing calibration parameter;
Ctrl_noGearReqMin_BypC;Error;Missing calibration parameter;
Ctrl_noVersAdp_BypC;Error;Missing calibration parameter;
Ctrl_noVersSw_BypC;Error;Missing calibration parameter;
Ctrl_noVersSys_BypC;Error;Missing calibration parameter;
Ctrl_noVersSysMnth_BypC;Error;Missing calibration parameter;
Ctrl_noVersSysYr_BypC;Error;Missing calibration parameter;
Ctrl_noVerSysDay_BypC;Error;Missing calibration parameter;
Ctrl_nTar_BypC;Error;Missing calibration parameter;
Ctrl_nTarIdl_BypC;Error;Missing calibration parameter;
Ctrl_pAirExtMes_BypC;Error;Missing calibration parameter;
Ctrl_pBrkAsi_BypC;Error;Missing calibration parameter;
Ctrl_pDsEGRVlvMes_BypC;Error;Missing calibration parameter;
Ctrl_posnATLev_BypC;Error;Missing calibration parameter;
Ctrl_rBattSoCLoResl_BypC;Error;Missing calibration parameter;
Ctrl_rDrvReq_BypC;Error;Missing calibration parameter;
Ctrl_resBattItNorm_BypC;Error;Missing calibration parameter;
Ctrl_rFuTnkPerc_BypC;Error;Missing calibration parameter;
Ctrl_rSpdFanAct_BypC;Error;Missing calibration parameter;
Ctrl_rSpdFanReq_BypC;Error;Missing calibration parameter;
Ctrl_rtqOBD_BypC;Error;Missing calibration parameter;
Ctrl_spdEspVeh_BypC;Error;Missing calibration parameter;
Ctrl_spdFilGearSen_BypC;Error;Missing calibration parameter;
Ctrl_spdLeFrntWhl_BypC;Error;Missing calibration parameter;
Ctrl_spdLeReWhl_BypC;Error;Missing calibration parameter;
Ctrl_spdRawGearSen_BypC;Error;Missing calibration parameter;
Ctrl_spdRiFrntWhl_BypC;Error;Missing calibration parameter;
Ctrl_spdRiReWhl_BypC;Error;Missing calibration parameter;
Ctrl_spdVehAvrFrntWhl_BypC;Error;Missing calibration parameter;
Ctrl_stBSIKeyImmo_BypC;Error;Missing calibration parameter;
Ctrl_stCMMStImmoReq_BypC;Error;Missing calibration parameter;
Ctrl_stCMMStImmoSnd_BypC;Error;Missing calibration parameter;
Ctrl_stCnvClu_BypC;Error;Missing calibration parameter;
Ctrl_stCpl_BypC;Error;Missing calibration parameter;
Ctrl_stCtlModFSF_BypC;Error;Missing calibration parameter;
Ctrl_stDftCod_BypC;Error;Missing calibration parameter;
Ctrl_stDragRed_BypC;Error;Missing calibration parameter;
Ctrl_stElLvlProd_BypC;Error;Missing calibration parameter;
Ctrl_stEngOpm_BypC;Error;Missing calibration parameter;
Ctrl_stEPB_BypC;Error;Missing calibration parameter;
Ctrl_stFuLvlDft_BypC;Error;Missing calibration parameter;
Ctrl_stFuSlowCorbank1_BypC;Error;Missing calibration parameter;
Ctrl_stFuSpdCorbank1_BypC;Error;Missing calibration parameter;
Ctrl_stGBxDft_BypC;Error;Missing calibration parameter;
Ctrl_stGearCtlReq_BypC;Error;Missing calibration parameter;
Ctrl_stGearRat_BypC;Error;Missing calibration parameter;
Ctrl_stGSTyp_BypC;Error;Missing calibration parameter;
Ctrl_stJDDEmi_BypC;Error;Missing calibration parameter;
Ctrl_stNRegTyp_BypC;Error;Missing calibration parameter;
Ctrl_stPosnCoVlvEstim_BypC;Error;Missing calibration parameter;
Ctrl_stUCCKeyImmo_BypC;Error;Missing calibration parameter;
Ctrl_stUnBlockAuthImmo_BypC;Error;Missing calibration parameter;
Ctrl_stUnBlockReq_BypC;Error;Missing calibration parameter;
Ctrl_stWkuMain_BypC;Error;Missing calibration parameter;
Ctrl_tAirExtMes5B2_BypC;Error;Missing calibration parameter;
Ctrl_tAirExtMes_BypC;Error;Missing calibration parameter;
Ctrl_tBattMes_BypC;Error;Missing calibration parameter;
Ctrl_tCoMesFineResl_BypC;Error;Missing calibration parameter;
Ctrl_tDsThrMes_BypC;Error;Missing calibration parameter;
Ctrl_tiCurVehTmr_BypC;Error;Missing calibration parameter;
Ctrl_tiVehCnt_BypC;Error;Missing calibration parameter;
Ctrl_tOilEstim_BypC;Error;Missing calibration parameter;
Ctrl_tOilGBx_BypC;Error;Missing calibration parameter;
Ctrl_tqAirASRReq_BypC;Error;Missing calibration parameter;
Ctrl_tqAirDrvFil_BypC;Error;Missing calibration parameter;
Ctrl_tqCkCAN_BypC;Error;Missing calibration parameter;
Ctrl_tqCkEngReal_BypC;Error;Missing calibration parameter;
Ctrl_tqEfcLim_BypC;Error;Missing calibration parameter;
Ctrl_tqMaxGBx_BypC;Error;Missing calibration parameter;
Ctrl_tqMinGBxMsg_BypC;Error;Missing calibration parameter;
Ctrl_tqMSRReq_BypC;Error;Missing calibration parameter;
Ctrl_tqReqGBx_BypC;Error;Missing calibration parameter;
Ctrl_tqRevAcv_BypC;Error;Missing calibration parameter;
Ctrl_tqSumLossCmp_BypC;Error;Missing calibration parameter;
Ctrl_tqWhlPTPotReq_BypC;Error;Missing calibration parameter;
Ctrl_uBattMinCkg_BypC;Error;Missing calibration parameter;
Ctrl_uBattRstrt_BypC;Error;Missing calibration parameter;
Ctrl_uEngOilLvl_BypC;Error;Missing calibration parameter;
Ctrl_uReqProdElec_BypC;Error;Missing calibration parameter;
Ctrl_vLeReWhlMes_BypC;Error;Missing calibration parameter;
Ctrl_volFuCnsTot_BypC;Error;Missing calibration parameter;
Ctrl_vRiReWhlMes_BypC;Error;Missing calibration parameter;
DmpVlv_bAcvCdnTq_C;Error;Missing calibration parameter;
DmpVlv_bAcvDetPmp_C;Error;Missing calibration parameter;
DmpVlv_bAcvDftMod_C;Error;Missing calibration parameter;
DmpVlv_bAcvDmpVlv_B;Error;Missing calibration parameter;
DmpVlv_bAcvDmpVlvTestMod_C;Error;Missing calibration parameter;
DmpVlv_bAcvTestMod_C;Error;Missing calibration parameter;
DmpVlv_bDmpVlvDftMod_C;Error;Missing calibration parameter;
DmpVlv_bSelCdnTq_C;Error;Missing calibration parameter;
DmpVlv_bSelDetPmp_C;Error;Missing calibration parameter;
DmpVlv_bSelMfCmpr_C;Error;Missing calibration parameter;
DmpVlv_bSelMfCmprAnt_C;Error;Missing calibration parameter;
DmpVlv_facFilMfAirThrReq1_C;Error;Missing calibration parameter;
DmpVlv_facFilMfAirThrReq2_C;Error;Missing calibration parameter;
DmpVlv_facFilMfAirThrReq_C;Error;Missing calibration parameter;
DmpVlv_facFilMv_M;Error;Missing calibration parameter;
DmpVlv_facFilRateDownUp_C;Error;Missing calibration parameter;
DmpVlv_facFilRateUpDown_C;Error;Missing calibration parameter;
DmpVlv_facGainSat_C;Error;Missing calibration parameter;
DMPVLV_H_ACTIVE_BYP_C;Error;Missing calibration parameter;
DMPVLV_H_u8Inhib;Error;Missing calibration parameter;
DmpVlv_mfAirThrReqThd_C;Error;Missing calibration parameter;
DmpVlv_mfAirThrSatMin_C;Error;Missing calibration parameter;
DmpVlv_mfCmprCor_A;Error;Missing calibration parameter;
DmpVlv_mfCmprCorAnt_A;Error;Missing calibration parameter;
DmpVlv_mfDeltaAirReqFil_A;Error;Missing calibration parameter;
DmpVlv_nEng_A;Error;Missing calibration parameter;
DmpVlv_pCmprRef_C;Error;Missing calibration parameter;
DmpVlv_rAirLdLimSurgeReq_B;Error;Missing calibration parameter;
DmpVlv_rPresCmpr_T;Error;Missing calibration parameter;
DmpVlv_rPresCmprAnt_T;Error;Missing calibration parameter;
DmpVlv_rPresCmprHys_C;Error;Missing calibration parameter;
DmpVlv_rPresCmprHysAnt_C;Error;Missing calibration parameter;
DmpVlv_rTCmprCor_A;Error;Missing calibration parameter;
DmpVlv_rTCmprSqrt_T;Error;Missing calibration parameter;
DmpVlv_tCmprRef_C;Error;Missing calibration parameter;
DmpVlv_tiDmpVlvTmr_C;Error;Missing calibration parameter;
DmpVlv_tiDmpVlvTmrAnt_C;Error;Missing calibration parameter;
DmpVlv_tqLoThd_T;Error;Missing calibration parameter;
DmpVlv_tqOfsHiThd_C;Error;Missing calibration parameter;
Ext_bPresAltMgt_SC;Error;Missing calibration parameter;
Ext_tiMonRunDMTRtoCMM_C;Error;Missing calibration parameter;
Ext_uBattMaxDMTRtoCMM_C;Error;Missing calibration parameter;
FRM_au16FRM_To_LD_NbLD_Visu_1_C;Error;Missing calibration parameter;
FRM_au16FRM_To_LD_NbLD_Visu_2_C;Error;Missing calibration parameter;
FRM_au16FRM_To_LD_PosDeb_Visu_1_C;Error;Missing calibration parameter;
FRM_au16FRM_To_LD_PosDeb_Visu_2_C;Error;Missing calibration parameter;
FRM_au16FRM_To_LD_Tab_Visu_10_C;Error;Missing calibration parameter;
FRM_au16FRM_To_LD_Tab_Visu_11_C;Error;Missing calibration parameter;
FRM_au16FRM_To_LD_Tab_Visu_12_C;Error;Missing calibration parameter;
FRM_au16FRM_To_LD_Tab_Visu_13_C;Error;Missing calibration parameter;
FRM_au16FRM_To_LD_Tab_Visu_14_C;Error;Missing calibration parameter;
FRM_au16FRM_To_LD_Tab_Visu_15_C;Error;Missing calibration parameter;
FRM_au16FRM_To_LD_Tab_Visu_16_C;Error;Missing calibration parameter;
FRM_au16FRM_To_LD_Tab_Visu_17_C;Error;Missing calibration parameter;
FRM_au16FRM_To_LD_Tab_Visu_18_C;Error;Missing calibration parameter;
FRM_au16FRM_To_LD_Tab_Visu_1_C;Error;Missing calibration parameter;
FRM_au16FRM_To_LD_Tab_Visu_2_C;Error;Missing calibration parameter;
FRM_au16FRM_To_LD_Tab_Visu_3_C;Error;Missing calibration parameter;
FRM_au16FRM_To_LD_Tab_Visu_4_C;Error;Missing calibration parameter;
FRM_au16FRM_To_LD_Tab_Visu_5_C;Error;Missing calibration parameter;
FRM_au16FRM_To_LD_Tab_Visu_6_C;Error;Missing calibration parameter;
FRM_au16FRM_To_LD_Tab_Visu_7_C;Error;Missing calibration parameter;
FRM_au16FRM_To_LD_Tab_Visu_8_C;Error;Missing calibration parameter;
FRM_au16FRM_To_LD_Tab_Visu_9_C;Error;Missing calibration parameter;
FRM_au16LD_To_FRM_NbFRM_Visu_1_C;Error;Missing calibration parameter;
FRM_au16LD_To_FRM_PosDeb_Visu_1_C;Error;Missing calibration parameter;
FRM_au16LD_To_FRM_Tab_Visu_10_C;Error;Missing calibration parameter;
FRM_au16LD_To_FRM_Tab_Visu_11_C;Error;Missing calibration parameter;
FRM_au16LD_To_FRM_Tab_Visu_12_C;Error;Missing calibration parameter;
FRM_au16LD_To_FRM_Tab_Visu_13_C;Error;Missing calibration parameter;
FRM_au16LD_To_FRM_Tab_Visu_14_C;Error;Missing calibration parameter;
FRM_au16LD_To_FRM_Tab_Visu_15_C;Error;Missing calibration parameter;
FRM_au16LD_To_FRM_Tab_Visu_16_C;Error;Missing calibration parameter;
FRM_au16LD_To_FRM_Tab_Visu_17_C;Error;Missing calibration parameter;
FRM_au16LD_To_FRM_Tab_Visu_18_C;Error;Missing calibration parameter;
FRM_au16LD_To_FRM_Tab_Visu_1_C;Error;Missing calibration parameter;
FRM_au16LD_To_FRM_Tab_Visu_2_C;Error;Missing calibration parameter;
FRM_au16LD_To_FRM_Tab_Visu_3_C;Error;Missing calibration parameter;
FRM_au16LD_To_FRM_Tab_Visu_4_C;Error;Missing calibration parameter;
FRM_au16LD_To_FRM_Tab_Visu_5_C;Error;Missing calibration parameter;
FRM_au16LD_To_FRM_Tab_Visu_6_C;Error;Missing calibration parameter;
FRM_au16LD_To_FRM_Tab_Visu_7_C;Error;Missing calibration parameter;
FRM_au16LD_To_FRM_Tab_Visu_8_C;Error;Missing calibration parameter;
FRM_au16LD_To_FRM_Tab_Visu_9_C;Error;Missing calibration parameter;
FRM_u16Nb_FRM_To_LD_C;Error;Missing calibration parameter;
I8_x_table_7;Error;Missing calibration parameter;
Manu_inh_mode_6_scantool;Error;Missing calibration parameter;
Manu_inh_obdmid_01;Error;Missing calibration parameter;
Manu_inh_obdmid_02;Error;Missing calibration parameter;
Manu_inh_obdmid_21;Error;Missing calibration parameter;
Manu_inh_obdmid_41;Error;Missing calibration parameter;
Manu_inh_obdmid_42;Error;Missing calibration parameter;
Manu_inh_obdmid_A2;Error;Missing calibration parameter;
Manu_inh_obdmid_A3;Error;Missing calibration parameter;
Manu_inh_obdmid_A4;Error;Missing calibration parameter;
Manu_inh_obdmid_A5;Error;Missing calibration parameter;
OilTqCf_bPresOilReqCf_Stub_C;Error;Missing calibration parameter;
OilTqCf_facDen_Stub_C;Error;Missing calibration parameter;
OilTqCf_facNum_Stub_C;Error;Missing calibration parameter;
PNMACT_ACTIVE_BYP_C;Error;Missing calibration parameter;
PnmAct_bSelPresAirExt_C;Error;Missing calibration parameter;
PnmAct_bTrbActCf_C;Error;Missing calibration parameter;
PnmAct_FacdGain_C;Error;Missing calibration parameter;
PnmAct_facFilGainTrbAct_C;Error;Missing calibration parameter;
PnmAct_FaciGain_C;Error;Missing calibration parameter;
PnmAct_FacpGain_C;Error;Missing calibration parameter;
PnmAct_mfAirIn_M;Error;Missing calibration parameter;
PnmAct_mfAirInDB_M;Error;Missing calibration parameter;
PnmAct_mfAirInMin_C;Error;Missing calibration parameter;
PnmAct_mfAirOut_M;Error;Missing calibration parameter;
PnmAct_mfAirOutMax_C;Error;Missing calibration parameter;
PnmAct_pAirExt_A;Error;Missing calibration parameter;
PnmAct_pDifTrbActEstim2_A;Error;Missing calibration parameter;
PnmAct_pDifTrbActEstim_A;Error;Missing calibration parameter;
PnmAct_pDifTrbEstim_A;Error;Missing calibration parameter;
PnmAct_pDifTrbEstimMin_C;Error;Missing calibration parameter;
PnmAct_pVacRef_C;Error;Missing calibration parameter;
PnmAct_rOpTrbActEstim_A;Error;Missing calibration parameter;
PnmAct_rOpTrbActEstim_B;Error;Missing calibration parameter;
PnmAct_rOpTrbActEstim_M;Error;Missing calibration parameter;
PnmAct_rPresExtTrbAct_A;Error;Missing calibration parameter;
PnmAct_rPresVacTrbAct_A;Error;Missing calibration parameter;
PnmAct_rRCO_M;Error;Missing calibration parameter;
PnmAct_rRCOCorMax_C;Error;Missing calibration parameter;
PnmAct_rRCOCorMin_C;Error;Missing calibration parameter;
PnmAct_rRCOCorReq_B;Error;Missing calibration parameter;
PnmAct_rRCODB_T;Error;Missing calibration parameter;
PnmAct_rRCOHiThd_C;Error;Missing calibration parameter;
PnmAct_rRCOLoThd_C;Error;Missing calibration parameter;
PnmAct_rRCOMax_C;Error;Missing calibration parameter;
PnmAct_rRCOMin_C;Error;Missing calibration parameter;
PNMACT_u8Inhib;Error;Missing calibration parameter;
PnmAct_volPnmAct_T;Error;Missing calibration parameter;
Seuil_mini_vbatt_activ_vvt_echap;Error;Missing calibration parameter;
ThMgt_bActPwrNormFilAntiBoil_C;Error;Missing calibration parameter;
ThMgt_bAcvRatLimTqAntiBoil_C;Error;Missing calibration parameter;
ThMgt_bOpHeatCirEngCo_no1x_A;Error;Missing calibration parameter;
ThMgt_bSel1TCoRegFilAntiBoil_C;Error;Missing calibration parameter;
ThMgt_bSel1TqIdcAntiBoil_C;Error;Missing calibration parameter;
ThMgt_bSelPwrDifAntiBoil_C;Error;Missing calibration parameter;
ThMgt_bSelPwrNormFilAntiBoil_C;Error;Missing calibration parameter;
ThMgt_bSelTCoRegFilAntiBoil_C;Error;Missing calibration parameter;
ThMgt_facDecRateLimAntiBoil_C;Error;Missing calibration parameter;
ThMgt_facIncRateLimAntiBoil_C;Error;Missing calibration parameter;
ThMgt_pwrTqHiThdDifAntiBoil_C;Error;Missing calibration parameter;
ThMgt_pwrTqLoThdDifAntiBoil_C;Error;Missing calibration parameter;
ThMgt_rSpdFanThPFltMgt_no9_T;Error;Missing calibration parameter;
ThMgt_tAirExtThPFltMgt_no9x_A;Error;Missing calibration parameter;
ThMgt_tiFilTCoRegAntiBoil_C;Error;Missing calibration parameter;
ThMgt_tiMaxThPFltMgt_no10_T;Error;Missing calibration parameter;
ThMgt_tiPwrFilAntiBoil_no7_T;Error;Missing calibration parameter;
ThMgt_tiPwrTqFastFilAntiBoil_C;Error;Missing calibration parameter;
ThMgt_tiThdMinAcvTrbCo_C;Error;Missing calibration parameter;
ThMgt_tqIdcAntiBoil_no7x_A;Error;Missing calibration parameter;
TqCmp_pwrThdDiFil_C;Error;Missing calibration parameter;
TqSys_tqOfsThdHiIdlAcv_C;Error;Missing calibration parameter;
TqSys_tqOfsThdLoIdlAcv_C;Error;Missing calibration parameter;
TrbAct_arTrbActAdp_B;Error;Missing calibration parameter;
TrbAct_arTrbActAdpDeltaCor_A;Error;Missing calibration parameter;
TrbAct_arTrbActFrzSp_B;Error;Missing calibration parameter;
TrbAct_arTrbActReq_A;Error;Missing calibration parameter;
TrbAct_arTrbActReqMax_C;Error;Missing calibration parameter;
TrbAct_bAcvCtlEth_C;Error;Missing calibration parameter;
TrbAct_bAcvEth_C;Error;Missing calibration parameter;
TrbAct_bAcvInhICor_C;Error;Missing calibration parameter;
TrbAct_bAcvOilPresCtl_C;Error;Missing calibration parameter;
TrbAct_bAcvOpRelTrbActExt_B;Error;Missing calibration parameter;
TrbAct_bAcvOpRelTWCMgt_C;Error;Missing calibration parameter;
TrbAct_bAcvPExMnfReq_C;Error;Missing calibration parameter;
TrbAct_bAcvRCOAdp_C;Error;Missing calibration parameter;
TrbAct_bAcvRCOModTest_C;Error;Missing calibration parameter;
TrbAct_bAcvRCOTestModRef1_C;Error;Missing calibration parameter;
TrbAct_bAcvRCOTestModRef2_C;Error;Missing calibration parameter;
TrbAct_bAcvTrbActAdp_B;Error;Missing calibration parameter;
TrbAct_bAcvTrbActCmd_B;Error;Missing calibration parameter;
TrbAct_bAcvTrbMod_C;Error;Missing calibration parameter;
TrbAct_bAcvUsThrPresCorTest_C;Error;Missing calibration parameter;
TrbAct_bBoostPresClCtlAcv_B;Error;Missing calibration parameter;
TrbAct_bExtMnfPresSel_C;Error;Missing calibration parameter;
TrbAct_bInhAdpTrbAct_C;Error;Missing calibration parameter;
TrbAct_bInhCllCtl_C;Error;Missing calibration parameter;
TrbAct_bInhCtlExt_C;Error;Missing calibration parameter;
TrbAct_bInhHiThd_C;Error;Missing calibration parameter;
TrbAct_bInhICor_B;Error;Missing calibration parameter;
TrbAct_bInhPresThd_C;Error;Missing calibration parameter;
TrbAct_bInhTrbActAdpPrev_C;Error;Missing calibration parameter;
TrbAct_bInhTrbActCtl_B;Error;Missing calibration parameter;
TrbAct_bInhTrbActCtlIni_C;Error;Missing calibration parameter;
TrbAct_bInhUsReg_C;Error;Missing calibration parameter;
TrbAct_bOpRCOAdpSel_C;Error;Missing calibration parameter;
TrbAct_bPosnTrbActMod_B;Error;Missing calibration parameter;
TrbAct_bPresAltiCor_C;Error;Missing calibration parameter;
TrbAct_bPresDifSel_C;Error;Missing calibration parameter;
TrbAct_bRCOAdpSel_C;Error;Missing calibration parameter;
TrbAct_bRCOReqSel_C;Error;Missing calibration parameter;
TrbAct_bSelInhICnd_C;Error;Missing calibration parameter;
TrbAct_bSelPresErrReq_C;Error;Missing calibration parameter;
TrbAct_bSelPresExMnf_C;Error;Missing calibration parameter;
TrbAct_bSelRatOpTrbAct_C;Error;Missing calibration parameter;
TrbAct_bSelRCOCorReq_C;Error;Missing calibration parameter;
TrbAct_bTestModRatOpReq_C;Error;Missing calibration parameter;
TrbAct_bUpPresAdpSel_C;Error;Missing calibration parameter;
TrbAct_cppEg_T;Error;Missing calibration parameter;
TrbAct_effCmpr_M;Error;Missing calibration parameter;
TrbAct_effTrb_M;Error;Missing calibration parameter;
TrbAct_facAdp_A;Error;Missing calibration parameter;
TrbAct_facAdp_T;Error;Missing calibration parameter;
TrbAct_facAdpArTrbActErrMax_C;Error;Missing calibration parameter;
TrbAct_facAdpArTrbActErrMin_C;Error;Missing calibration parameter;
TrbAct_facAdpTrbActDeltaCor_T;Error;Missing calibration parameter;
TrbAct_facArAdpGain_C;Error;Missing calibration parameter;
TrbAct_facCfeTrb_T;Error;Missing calibration parameter;
TrbAct_facCfeTrbAct_T;Error;Missing calibration parameter;
TrbAct_facdGain1_M;Error;Missing calibration parameter;
TrbAct_facdGain1ErrPres_M;Error;Missing calibration parameter;
TrbAct_facdGain1ErrPresEth_M;Error;Missing calibration parameter;
TrbAct_facdGain2_M;Error;Missing calibration parameter;
TrbAct_facdGain2ErrPres_M;Error;Missing calibration parameter;
TrbAct_facdGain2ErrPresEth_M;Error;Missing calibration parameter;
TrbAct_facFfGain_M;Error;Missing calibration parameter;
TrbAct_facFilGainRatOpTrbAct_C;Error;Missing calibration parameter;
TrbAct_facFilGainTrbActPosn_C;Error;Missing calibration parameter;
TrbAct_facFilGainUsThrPresMes_T;Error;Missing calibration parameter;
TrbAct_facFilGradUsThrMes_T;Error;Missing calibration parameter;
TrbAct_facFilGradUsThrReq_C;Error;Missing calibration parameter;
TrbAct_facFilOpTrbActAir_T;Error;Missing calibration parameter;
TrbAct_facFilPExMnfReq_C;Error;Missing calibration parameter;
TrbAct_facFltErrPres_C;Error;Missing calibration parameter;
TrbAct_facFltMfEg_C;Error;Missing calibration parameter;
TrbAct_facFltPred1_C;Error;Missing calibration parameter;
TrbAct_facFltPred2_C;Error;Missing calibration parameter;
TrbAct_facFltPred_M;Error;Missing calibration parameter;
TrbAct_facFltPresDsCmpr_C;Error;Missing calibration parameter;
TrbAct_facFltRCOReqWoutAdp_T;Error;Missing calibration parameter;
TrbAct_facFltUsPresCorErr_T;Error;Missing calibration parameter;
TrbAct_faciGain_M;Error;Missing calibration parameter;
TrbAct_faciGainErrPres_M;Error;Missing calibration parameter;
TrbAct_faciGainErrPresEth_M;Error;Missing calibration parameter;
TrbAct_facpGain_M;Error;Missing calibration parameter;
TrbAct_facpGainErrPres_M;Error;Missing calibration parameter;
TrbAct_facpGainErrPresEth_M;Error;Missing calibration parameter;
TrbAct_facPresAltiCor_B;Error;Missing calibration parameter;
TrbAct_facPresAltiCor_T;Error;Missing calibration parameter;
TrbAct_facPresRCOCnv_C;Error;Missing calibration parameter;
TrbAct_facPresReqAdpOfs_C;Error;Missing calibration parameter;
TrbAct_facPresReqAdpRate_C;Error;Missing calibration parameter;
TrbAct_facPresTrb_T;Error;Missing calibration parameter;
TrbAct_facRCOReqAdpOfs_C;Error;Missing calibration parameter;
TrbAct_facRCOReqAdpRate_C;Error;Missing calibration parameter;
TrbAct_facTUsTrb_T;Error;Missing calibration parameter;
TrbAct_mfAirThrCorReq_A;Error;Missing calibration parameter;
TrbAct_mfGrd_A;Error;Missing calibration parameter;
TrbAct_mfRatPresTrbActInter_A;Error;Missing calibration parameter;
TrbAct_mfTrbCorEstim_A;Error;Missing calibration parameter;
TrbAct_mfTrbCorReq_T;Error;Missing calibration parameter;
TrbAct_nEng2_A;Error;Missing calibration parameter;
TrbAct_nEngCtl_A;Error;Missing calibration parameter;
TrbAct_nEngGrd_A;Error;Missing calibration parameter;
TrbAct_nEngRef2_A;Error;Missing calibration parameter;
TrbAct_nEngTrbActCmdHys_C;Error;Missing calibration parameter;
TrbAct_nEngTrbActCmdThd_C;Error;Missing calibration parameter;
TrbAct_nThdAdp_T;Error;Missing calibration parameter;
TrbAct_pAirExtHys_C;Error;Missing calibration parameter;
TrbAct_pCmprRef_C;Error;Missing calibration parameter;
TrbAct_pDeltaUsThrHiThd_C;Error;Missing calibration parameter;
TrbAct_pDeltaUsThrLoThd_C;Error;Missing calibration parameter;
TrbAct_pDeltaUsThrThd1_C;Error;Missing calibration parameter;
TrbAct_pDeltaUsThrThd2_C;Error;Missing calibration parameter;
TrbAct_pDeltaUsThrThd3_C;Error;Missing calibration parameter;
TrbAct_pDifMaxPnmActReq_B;Error;Missing calibration parameter;
TrbAct_pDifPnmActEstim_M;Error;Missing calibration parameter;
TrbAct_pDifPnmActHys_C;Error;Missing calibration parameter;
TrbAct_pDifPnmActReq_A;Error;Missing calibration parameter;
TrbAct_pDifTrbActEstim_A;Error;Missing calibration parameter;
TrbAct_pDifTrbActReq_B;Error;Missing calibration parameter;
TrbAct_pDifTrbActReq_M;Error;Missing calibration parameter;
TrbAct_pDifTrbActReqAdd_M;Error;Missing calibration parameter;
TrbAct_pDifUsThrPresHiThd_C;Error;Missing calibration parameter;
TrbAct_pDifUsThrPresLoThd_C;Error;Missing calibration parameter;
TrbAct_pDsCmpr_A;Error;Missing calibration parameter;
TrbAct_pErrUsThr2_A;Error;Missing calibration parameter;
TrbAct_pErrUsThr_A;Error;Missing calibration parameter;
TrbAct_pErrUsThrGrd_A;Error;Missing calibration parameter;
TrbAct_pExMnfReq_B;Error;Missing calibration parameter;
TrbAct_pInMnfReqHys_C;Error;Missing calibration parameter;
TrbAct_pInMnfReqThd_T;Error;Missing calibration parameter;
TrbAct_pInMnfReqThdEth_T;Error;Missing calibration parameter;
TrbAct_pOilMesThd_C;Error;Missing calibration parameter;
TrbAct_pThdAdp_M;Error;Missing calibration parameter;
TrbAct_pTrbRef_C;Error;Missing calibration parameter;
TrbAct_pUsThrCllAcvThd_T;Error;Missing calibration parameter;
TrbAct_pUsThrCorErrFil_A;Error;Missing calibration parameter;
TrbAct_pUsThrCorErrMax_C;Error;Missing calibration parameter;
TrbAct_pUsThrCorErrMin_C;Error;Missing calibration parameter;
TrbAct_pUsThrCorReq_B;Error;Missing calibration parameter;
TrbAct_pUsThrCorReqTest_C;Error;Missing calibration parameter;
TrbAct_pUsThrFil_B;Error;Missing calibration parameter;
TrbAct_pUsThrICorReqHiThd_C;Error;Missing calibration parameter;
TrbAct_pUsThrICorReqLoThd_C;Error;Missing calibration parameter;
TrbAct_pVacRef_C;Error;Missing calibration parameter;
TrbAct_pwrCmprInter_T;Error;Missing calibration parameter;
TrbAct_rAirLdAltiCorReq2_A;Error;Missing calibration parameter;
TrbAct_rAirLdAltiCorReq_A;Error;Missing calibration parameter;
TrbAct_rCtl_Stub_C;Error;Missing calibration parameter;
TrbAct_rCtlIntErrMax_C;Error;Missing calibration parameter;
TrbAct_rCtlIntErrMin_C;Error;Missing calibration parameter;
TrbAct_rEthWoutExct_A;Error;Missing calibration parameter;
TrbAct_rEthWoutExctCor_T;Error;Missing calibration parameter;
TrbAct_rEthWoutExctCtl_A;Error;Missing calibration parameter;
TrbAct_rEthWoutExctDftl1_T;Error;Missing calibration parameter;
TrbAct_rEthWoutExctDftl2_T;Error;Missing calibration parameter;
TrbAct_rEthWoutExctInt_T;Error;Missing calibration parameter;
TrbAct_rEthWoutExctProp_T;Error;Missing calibration parameter;
TrbAct_rOpMaxTrbAct_C;Error;Missing calibration parameter;
TrbAct_rOpMinTrbAct_C;Error;Missing calibration parameter;
TrbAct_rOpRCOAdpOfsThd1_C;Error;Missing calibration parameter;
TrbAct_rOpRCOAdpOfsThd2_C;Error;Missing calibration parameter;
TrbAct_rOpRCOAdpRateThd1_C;Error;Missing calibration parameter;
TrbAct_rOpRCOAdpRateThd2_C;Error;Missing calibration parameter;
TrbAct_rOpRelTrbActAirExtReq_M;Error;Missing calibration parameter;
TrbAct_rOpRelTrbActExtReq1_M;Error;Missing calibration parameter;
TrbAct_rOpRelTrbActExtReq2_M;Error;Missing calibration parameter;
TrbAct_rOpRelTrbActExtReq_B;Error;Missing calibration parameter;
TrbAct_rOpTrbAct_B;Error;Missing calibration parameter;
TrbAct_rOpTrbActEstim_B;Error;Missing calibration parameter;
TrbAct_rOpTrbActEstim_M;Error;Missing calibration parameter;
TrbAct_rOpTrbActEstimIni_C;Error;Missing calibration parameter;
TrbAct_rOpTrbActHiThd_C;Error;Missing calibration parameter;
TrbAct_rOpTrbActLoThd_C;Error;Missing calibration parameter;
TrbAct_rOpTrbActReq_A;Error;Missing calibration parameter;
TrbAct_rOpTrbActReq_B;Error;Missing calibration parameter;
TrbAct_rOpTrbActReqDft_C;Error;Missing calibration parameter;
TrbAct_rOpTrbActReqTest_C;Error;Missing calibration parameter;
TrbAct_rOpTrbActTrbMod_M;Error;Missing calibration parameter;
TrbAct_rPresCfeTrbAct_A;Error;Missing calibration parameter;
TrbAct_rPresCmprReqRef1_A;Error;Missing calibration parameter;
TrbAct_rPresCmprReqRef2_A;Error;Missing calibration parameter;
TrbAct_rPresTrb_A;Error;Missing calibration parameter;
TrbAct_rPresTrbEstim_A;Error;Missing calibration parameter;
TrbAct_rPresTrbEstimIvsRef1_A;Error;Missing calibration parameter;
TrbAct_rPresTrbEstimIvsRef2_A;Error;Missing calibration parameter;
TrbAct_rPresTrbReq_A;Error;Missing calibration parameter;
TrbAct_rPresTrbReq_M;Error;Missing calibration parameter;
TrbAct_rRCOICorReq_B;Error;Missing calibration parameter;
TrbAct_rRCOICorReq_C;Error;Missing calibration parameter;
TrbAct_rRCOMaxThd_C;Error;Missing calibration parameter;
TrbAct_rRCOMinThd_C;Error;Missing calibration parameter;
TrbAct_rRCOPIDCorReq_B;Error;Missing calibration parameter;
TrbAct_rRCOPIDCorReq_C;Error;Missing calibration parameter;
TrbAct_rRCOReq_A;Error;Missing calibration parameter;
TrbAct_rRCOReq_B;Error;Missing calibration parameter;
TrbAct_rRCOReq_C;Error;Missing calibration parameter;
TrbAct_rRCOReq_M;Error;Missing calibration parameter;
TrbAct_rRCOReqAdd_A;Error;Missing calibration parameter;
TrbAct_rRCOReqAddCor_T;Error;Missing calibration parameter;
TrbAct_rRCOReqAdpOfs_B;Error;Missing calibration parameter;
TrbAct_rRCOReqAdpOfsMax_C;Error;Missing calibration parameter;
TrbAct_rRCOReqAdpOfsMin_C;Error;Missing calibration parameter;
TrbAct_rRCOReqAdpRate_B;Error;Missing calibration parameter;
TrbAct_rRCOReqAdpRateMax_C;Error;Missing calibration parameter;
TrbAct_rRCOReqAdpRateMin_C;Error;Missing calibration parameter;
TrbAct_rRCOReqFastAddCor_T;Error;Missing calibration parameter;
TrbAct_rRCOReqIni_C;Error;Missing calibration parameter;
TrbAct_rRCOReqRaw_B;Error;Missing calibration parameter;
TrbAct_rRCOTestMod_C;Error;Missing calibration parameter;
TrbAct_rRCOTestMod_M;Error;Missing calibration parameter;
TrbAct_rTCmpr_A;Error;Missing calibration parameter;
TrbAct_rTCmprSqrt_T;Error;Missing calibration parameter;
TrbAct_rTTrb_A;Error;Missing calibration parameter;
TrbAct_rTTrbSqrt_T;Error;Missing calibration parameter;
TrbAct_tAir_A;Error;Missing calibration parameter;
TrbAct_tCmprRef_C;Error;Missing calibration parameter;
TrbAct_tCoMes_A;Error;Missing calibration parameter;
TrbAct_tiDlyArAdp_C;Error;Missing calibration parameter;
TrbAct_tiDlyPosnTrbActMod_C;Error;Missing calibration parameter;
TrbAct_tiStrtThd_C;Error;Missing calibration parameter;
TrbAct_tiStrtThd_M;Error;Missing calibration parameter;
TrbAct_tiStrtThd_T;Error;Missing calibration parameter;
TrbAct_tqIdcAirReq_A;Error;Missing calibration parameter;
TrbAct_tTrbRef_C;Error;Missing calibration parameter;
TrbAct_tUsTrbAdp_A;Error;Missing calibration parameter;
TrbAct_tUsTrbEstim_A;Error;Missing calibration parameter;
TrbAct_tUsTrbEstimSqrt_T;Error;Missing calibration parameter;
TRBACTGSL_ACTIVE_BYP_C;Error;Missing calibration parameter;
TRBACTGSL_u8Inhib;Error;Missing calibration parameter;
TRBACTMGT_ACTIVE_BYP_C;Error;Missing calibration parameter;
TRBACTMGT_u8Inhib;Error;Missing calibration parameter;
TRBACTSYS_ACTIVE_BYP_C;Error;Missing calibration parameter;
TRBACTSYS_u8Inhib;Error;Missing calibration parameter;
UsThrM_bSelTSen1_C;Error;Missing calibration parameter;
UsThrM_bSelTSen2_C;Error;Missing calibration parameter;
UsThrM_tiDlyThrStab_C;Error;Missing calibration parameter;
